[
  {
    "Unnamed: 0": "2025-02-21T12:51:21.511000",
    "Endereço de e-mail": "nascimento.lanio@gmail.com",
    "CURSOS PRETENDIDOS ": "Turma 3 SEGUNDA FEIRA DAS 20:15h ÀS 21:15h",
    "NOME COMPLETO": "Lanio Do Nascimento ",
    "MATRICULA": "ok",
    "IDADE ": 37,
    "GÊNERO": "Masculino",
    "RAÇA/COR": "Branco",
    "TELEFONE": "11 981851298 ",
    "ESCOLARIDADE ": "Graduação Completa",
    "CASO ESTUDE, QUAL O NOME DA INSTITUIÇÃO DE ENSINO? ": "",
    "ENDEREÇO": "Rua das avencas",
    "NUMERO ": 167,
    "BAIRRO": "INAMAR",
    "CIDADE": "DIADEMA",
    "UF": "SP",
    "PAÍS": "BRASIL",
    "CEP": "09973-010 ",
    "NO DIA DE INÍCIO DAS AULAS TRAZER CÓPIA: RG E CPF, COMPROVANTE DE RESIDÊNCIA E COMPROVANTE DE ESCOLARIDADE.": "Estou ciente da necessidade da entrega dos documentos citados acima para a finalização da matrícula",
    "Para entender melhor a necessidade dos nossos cursistas , gostariamos de saber de você: \nQual curso (que ainda NÃO temos), teria interesse em fazer neste Centro de Formação?": ""
  },
  {
    "Unnamed: 0": "2025-02-21T12:59:52.307000",
    "Endereço de e-mail": "daiancosta14@gmail.com",
    "CURSOS PRETENDIDOS ": "Turma 3 SEGUNDA FEIRA DAS 20:15h ÀS 21:15h",
    "NOME COMPLETO": "Daian costa pena",
    "MATRICULA": "",
    "IDADE ": 22,
    "GÊNERO": "Masculino",
    "RAÇA/COR": "Branco",
    "TELEFONE": 11968324866,
    "ESCOLARIDADE ": "Ensino Médio Incompleto",
    "CASO ESTUDE, QUAL O NOME DA INSTITUIÇÃO DE ENSINO? ": "Nao",
    "ENDEREÇO": "Rua arraia ",
    "NUMERO ": 188,
    "BAIRRO": "ELDORADO",
    "CIDADE": "DIADEMA",
    "UF": "SP",
    "PAÍS": "BRASIL",
    "CEP": "09972070",
    "NO DIA DE INÍCIO DAS AULAS TRAZER CÓPIA: RG E CPF, COMPROVANTE DE RESIDÊNCIA E COMPROVANTE DE ESCOLARIDADE.": "Estou ciente da necessidade da entrega dos documentos citados acima para a finalização da matrícula",
    "Para entender melhor a necessidade dos nossos cursistas , gostariamos de saber de você: \nQual curso (que ainda NÃO temos), teria interesse em fazer neste Centro de Formação?": "Nao momento so os dois eu me interesso"
  },
  {
    "Unnamed: 0": "2025-02-21T14:30:18.114000",
    "Endereço de e-mail": "vanessa.novaes2014@gmail.com",
    "CURSOS PRETENDIDOS ": "Turma 3 SEGUNDA FEIRA DAS 20:15h ÀS 21:15h",
    "NOME COMPLETO": "Vanessa da Silva Novaes ",
    "MATRICULA": "",
    "IDADE ": 19,
    "GÊNERO": "Feminino",
    "RAÇA/COR": "Preto",
    "TELEFONE": 11993683353,
    "ESCOLARIDADE ": "Ensino Médio Completo",
    "CASO ESTUDE, QUAL O NOME DA INSTITUIÇÃO DE ENSINO? ": "",
    "ENDEREÇO": "Rua Recanto Feliz",
    "NUMERO ": 183,
    "BAIRRO": "CAMPANÁRIO",
    "CIDADE": "DIADEMA",
    "UF": "SP",
    "PAÍS": "BRASIL",
    "CEP": "009930291",
    "NO DIA DE INÍCIO DAS AULAS TRAZER CÓPIA: RG E CPF, COMPROVANTE DE RESIDÊNCIA E COMPROVANTE DE ESCOLARIDADE.": "Estou ciente da necessidade da entrega dos documentos citados acima para a finalização da matrícula",
    "Para entender melhor a necessidade dos nossos cursistas , gostariamos de saber de você: \nQual curso (que ainda NÃO temos), teria interesse em fazer neste Centro de Formação?": "Informática "
  },
  {
    "Unnamed: 0": "2025-02-21T14:56:11.501000",
    "Endereço de e-mail": "adrielliserpa4@gmail.com",
    "CURSOS PRETENDIDOS ": "Turma 3 SEGUNDA FEIRA DAS 20:15h ÀS 21:15h",
    "NOME COMPLETO": "Adrielli Jardim",
    "MATRICULA": "",
    "IDADE ": 26,
    "GÊNERO": "Feminino",
    "RAÇA/COR": "Branco",
    "TELEFONE": 11975332047,
    "ESCOLARIDADE ": "Graduação Completa",
    "CASO ESTUDE, QUAL O NOME DA INSTITUIÇÃO DE ENSINO? ": "",
    "ENDEREÇO": "Av dos guatambus",
    "NUMERO ": 151,
    "BAIRRO": "ELDORADO",
    "CIDADE": "DIADEMA",
    "UF": "SP",
    "PAÍS": "BRASIL",
    "CEP": "04476420",
    "NO DIA DE INÍCIO DAS AULAS TRAZER CÓPIA: RG E CPF, COMPROVANTE DE RESIDÊNCIA E COMPROVANTE DE ESCOLARIDADE.": "Estou ciente da necessidade da entrega dos documentos citados acima para a finalização da matrícula",
    "Para entender melhor a necessidade dos nossos cursistas , gostariamos de saber de você: \nQual curso (que ainda NÃO temos), teria interesse em fazer neste Centro de Formação?": "Francês "
  },
  {
    "Unnamed: 0": "2025-02-21T17:19:43.081000",
    "Endereço de e-mail": "anacarolinep570@gmail.com",
    "CURSOS PRETENDIDOS ": "Turma 3 SEGUNDA FEIRA DAS 20:15h ÀS 21:15h",
    "NOME COMPLETO": "Ana caroline de Souza Pereira Figueiredo",
    "MATRICULA": "ok",
    "IDADE ": "29 anos ",
    "GÊNERO": "Feminino",
    "RAÇA/COR": "Branco",
    "TELEFONE": 11932397497,
    "ESCOLARIDADE ": "Ensino Médio Completo",
    "CASO ESTUDE, QUAL O NOME DA INSTITUIÇÃO DE ENSINO? ": "",
    "ENDEREÇO": "Rua alvares machado ",
    "NUMERO ": 253,
    "BAIRRO": "ELDORADO",
    "CIDADE": "DIADEMA",
    "UF": "SP",
    "PAÍS": "BRASIL",
    "CEP": "09972370",
    "NO DIA DE INÍCIO DAS AULAS TRAZER CÓPIA: RG E CPF, COMPROVANTE DE RESIDÊNCIA E COMPROVANTE DE ESCOLARIDADE.": "Estou ciente da necessidade da entrega dos documentos citados acima para a finalização da matrícula",
    "Para entender melhor a necessidade dos nossos cursistas , gostariamos de saber de você: \nQual curso (que ainda NÃO temos), teria interesse em fazer neste Centro de Formação?": "Japonês "
  },
  {
    "Unnamed: 0": "2025-02-21T21:00:46.036000",
    "Endereço de e-mail": "andreiappaschoalin@gmail.com",
    "CURSOS PRETENDIDOS ": "Turma 3 SEGUNDA FEIRA DAS 20:15h ÀS 21:15h",
    "NOME COMPLETO": "Miguel de Paula Amorim ",
    "MATRICULA": "",
    "IDADE ": 14,
    "GÊNERO": "Masculino",
    "RAÇA/COR": "Pardo",
    "TELEFONE": "11981767536/11960889406",
    "ESCOLARIDADE ": "Fundamental Incompleto",
    "CASO ESTUDE, QUAL O NOME DA INSTITUIÇÃO DE ENSINO? ": "Piaso",
    "ENDEREÇO": "Rua Umuarama ",
    "NUMERO ": 719,
    "BAIRRO": "PIRAPORINHA",
    "CIDADE": "DIADEMA",
    "UF": "SP",
    "PAÍS": "BRASIL",
    "CEP": "09950110",
    "NO DIA DE INÍCIO DAS AULAS TRAZER CÓPIA: RG E CPF, COMPROVANTE DE RESIDÊNCIA E COMPROVANTE DE ESCOLARIDADE.": "Estou ciente da necessidade da entrega dos documentos citados acima para a finalização da matrícula",
    "Para entender melhor a necessidade dos nossos cursistas , gostariamos de saber de você: \nQual curso (que ainda NÃO temos), teria interesse em fazer neste Centro de Formação?": "Sem sugestões no momento "
  },
  {
    "Unnamed: 0": "2025-02-21T22:20:37.385000",
    "Endereço de e-mail": "natalycristina425@gmail.com",
    "CURSOS PRETENDIDOS ": "Turma 3 SEGUNDA FEIRA DAS 20:15h ÀS 21:15h",
    "NOME COMPLETO": "Nataly Cristina da silva ",
    "MATRICULA": "",
    "IDADE ": 34,
    "GÊNERO": "Feminino",
    "RAÇA/COR": "Pardo",
    "TELEFONE": 11950439902,
    "ESCOLARIDADE ": "Ensino Médio Completo",
    "CASO ESTUDE, QUAL O NOME DA INSTITUIÇÃO DE ENSINO? ": "",
    "ENDEREÇO": "Travessa jurupis ",
    "NUMERO ": 1127,
    "BAIRRO": "SERRARIA",
    "CIDADE": "DIADEMA",
    "UF": "SP",
    "PAÍS": "BRASIL",
    "CEP": "09980720",
    "NO DIA DE INÍCIO DAS AULAS TRAZER CÓPIA: RG E CPF, COMPROVANTE DE RESIDÊNCIA E COMPROVANTE DE ESCOLARIDADE.": "Estou ciente da necessidade da entrega dos documentos citados acima para a finalização da matrícula",
    "Para entender melhor a necessidade dos nossos cursistas , gostariamos de saber de você: \nQual curso (que ainda NÃO temos), teria interesse em fazer neste Centro de Formação?": "Trança "
  },
  {
    "Unnamed: 0": "2025-02-22T12:11:41.487000",
    "Endereço de e-mail": "lucas.sp.3.ls@gmail.com",
    "CURSOS PRETENDIDOS ": "Turma 3 SEGUNDA FEIRA DAS 20:15h ÀS 21:15h",
    "NOME COMPLETO": "Lucas da Silva Lima",
    "MATRICULA": "",
    "IDADE ": 34,
    "GÊNERO": "Masculino",
    "RAÇA/COR": "Preto",
    "TELEFONE": 11937140987,
    "ESCOLARIDADE ": "Graduação Incompleta",
    "CASO ESTUDE, QUAL O NOME DA INSTITUIÇÃO DE ENSINO? ": "",
    "ENDEREÇO": "rua yaya",
    "NUMERO ": 235,
    "BAIRRO": "CANHEMA",
    "CIDADE": "DIADEMA",
    "UF": "SP",
    "PAÍS": "BRASIL",
    "CEP": "09941445",
    "NO DIA DE INÍCIO DAS AULAS TRAZER CÓPIA: RG E CPF, COMPROVANTE DE RESIDÊNCIA E COMPROVANTE DE ESCOLARIDADE.": "Estou ciente da necessidade da entrega dos documentos citados acima para a finalização da matrícula",
    "Para entender melhor a necessidade dos nossos cursistas , gostariamos de saber de você: \nQual curso (que ainda NÃO temos), teria interesse em fazer neste Centro de Formação?": "T.i"
  },
  {
    "Unnamed: 0": "2025-02-23T06:30:41.577000",
    "Endereço de e-mail": "cinthya.newcosmeticos@gmail.com",
    "CURSOS PRETENDIDOS ": "Turma 3 SEGUNDA FEIRA DAS 20:15h ÀS 21:15h",
    "NOME COMPLETO": "Cinthya Alves Amaral Barbosa ",
    "MATRICULA": "",
    "IDADE ": 40,
    "GÊNERO": "Feminino",
    "RAÇA/COR": "Pardo",
    "TELEFONE": 11992814042,
    "ESCOLARIDADE ": "Graduação Incompleta",
    "CASO ESTUDE, QUAL O NOME DA INSTITUIÇÃO DE ENSINO? ": "Fatec ",
    "ENDEREÇO": "Aimores",
    "NUMERO ": 48,
    "BAIRRO": "SERRARIA",
    "CIDADE": "DIADEMA",
    "UF": "SP",
    "PAÍS": "BRASIL",
    "CEP": "09990310",
    "NO DIA DE INÍCIO DAS AULAS TRAZER CÓPIA: RG E CPF, COMPROVANTE DE RESIDÊNCIA E COMPROVANTE DE ESCOLARIDADE.": "Estou ciente da necessidade da entrega dos documentos citados acima para a finalização da matrícula",
    "Para entender melhor a necessidade dos nossos cursistas , gostariamos de saber de você: \nQual curso (que ainda NÃO temos), teria interesse em fazer neste Centro de Formação?": "Violino e química "
  },
  {
    "Unnamed: 0": "2025-02-23T07:34:49.351000",
    "Endereço de e-mail": "pauliniadriana60@gmail.com",
    "CURSOS PRETENDIDOS ": "Turma 3 SEGUNDA FEIRA DAS 20:15h ÀS 21:15h",
    "NOME COMPLETO": "Adriana Amorim Cardoso Paulini ",
    "MATRICULA": "",
    "IDADE ": 57,
    "GÊNERO": "Feminino",
    "RAÇA/COR": "Pardo",
    "TELEFONE": "(11) 9.9966-2649",
    "ESCOLARIDADE ": "Ensino Médio Completo",
    "CASO ESTUDE, QUAL O NOME DA INSTITUIÇÃO DE ENSINO? ": "",
    "ENDEREÇO": "Rua Santa Terezinha do menino de Jesus ",
    "NUMERO ": 26,
    "BAIRRO": "CASA GRANDE",
    "CIDADE": "DIADEMA",
    "UF": "SP",
    "PAÍS": "BRASIL",
    "CEP": "09962255",
    "NO DIA DE INÍCIO DAS AULAS TRAZER CÓPIA: RG E CPF, COMPROVANTE DE RESIDÊNCIA E COMPROVANTE DE ESCOLARIDADE.": "Estou ciente da necessidade da entrega dos documentos citados acima para a finalização da matrícula",
    "Para entender melhor a necessidade dos nossos cursistas , gostariamos de saber de você: \nQual curso (que ainda NÃO temos), teria interesse em fazer neste Centro de Formação?": "Libras"
  },
  {
    "Unnamed: 0": "2025-02-24T18:20:33.874000",
    "Endereço de e-mail": "reginacristina0801@gmail.com",
    "CURSOS PRETENDIDOS ": "Turma 3 SEGUNDA FEIRA DAS 20:15h ÀS 21:15h",
    "NOME COMPLETO": "Regina Cristina Rosa ",
    "MATRICULA": "",
    "IDADE ": 51,
    "GÊNERO": "Feminino",
    "RAÇA/COR": "Preto",
    "TELEFONE": 11948582413,
    "ESCOLARIDADE ": "Graduação Completa",
    "CASO ESTUDE, QUAL O NOME DA INSTITUIÇÃO DE ENSINO? ": "",
    "ENDEREÇO": "Rua Ana Maria ",
    "NUMERO ": 166,
    "BAIRRO": "SERRARIA",
    "CIDADE": "DIADEMA",
    "UF": "SP",
    "PAÍS": "BRASIL",
    "CEP": "09981470",
    "NO DIA DE INÍCIO DAS AULAS TRAZER CÓPIA: RG E CPF, COMPROVANTE DE RESIDÊNCIA E COMPROVANTE DE ESCOLARIDADE.": "Estou ciente da necessidade da entrega dos documentos citados acima para a finalização da matrícula",
    "Para entender melhor a necessidade dos nossos cursistas , gostariamos de saber de você: \nQual curso (que ainda NÃO temos), teria interesse em fazer neste Centro de Formação?": "Informática "
  },
  {
    "Unnamed: 0": "2025-02-24T19:32:28.865000",
    "Endereço de e-mail": "mariamanoellaperestreloosilva@gmail.com",
    "CURSOS PRETENDIDOS ": "Turma 3 SEGUNDA FEIRA DAS 20:15h ÀS 21:15h",
    "NOME COMPLETO": "Maria Manoella Perestrelo da silva ",
    "MATRICULA": "",
    "IDADE ": 15,
    "GÊNERO": "Feminino",
    "RAÇA/COR": "Branco",
    "TELEFONE": 11964462609,
    "ESCOLARIDADE ": "Fundamental Completo",
    "CASO ESTUDE, QUAL O NOME DA INSTITUIÇÃO DE ENSINO? ": "João de melo macedo ",
    "ENDEREÇO": "rua faia ",
    "NUMERO ": 15,
    "BAIRRO": "CAMPANÁRIO",
    "CIDADE": "DIADEMA",
    "UF": "SP",
    "PAÍS": "BRASIL",
    "CEP": "09931-360",
    "NO DIA DE INÍCIO DAS AULAS TRAZER CÓPIA: RG E CPF, COMPROVANTE DE RESIDÊNCIA E COMPROVANTE DE ESCOLARIDADE.": "Estou ciente da necessidade da entrega dos documentos citados acima para a finalização da matrícula",
    "Para entender melhor a necessidade dos nossos cursistas , gostariamos de saber de você: \nQual curso (que ainda NÃO temos), teria interesse em fazer neste Centro de Formação?": "tecnologia "
  },
  {
    "Unnamed: 0": "2025-02-25T20:00:55.632000",
    "Endereço de e-mail": "dry.dryalmeida2401@gmail.com",
    "CURSOS PRETENDIDOS ": "Turma 3 SEGUNDA FEIRA DAS 20:15h ÀS 21:15h",
    "NOME COMPLETO": "Adriana Aparecida Nascimento de Almeida ",
    "MATRICULA": "",
    "IDADE ": 38,
    "GÊNERO": "Feminino",
    "RAÇA/COR": "Branco",
    "TELEFONE": 11954703925,
    "ESCOLARIDADE ": "Graduação Completa",
    "CASO ESTUDE, QUAL O NOME DA INSTITUIÇÃO DE ENSINO? ": "",
    "ENDEREÇO": "Rua São João ",
    "NUMERO ": 247,
    "BAIRRO": "CENTRO",
    "CIDADE": "DIADEMA",
    "UF": "SP",
    "PAÍS": "BRASIL",
    "CEP": "09910580",
    "NO DIA DE INÍCIO DAS AULAS TRAZER CÓPIA: RG E CPF, COMPROVANTE DE RESIDÊNCIA E COMPROVANTE DE ESCOLARIDADE.": "Estou ciente da necessidade da entrega dos documentos citados acima para a finalização da matrícula",
    "Para entender melhor a necessidade dos nossos cursistas , gostariamos de saber de você: \nQual curso (que ainda NÃO temos), teria interesse em fazer neste Centro de Formação?": "Coreano "
  },
  {
    "Unnamed: 0": "2025-02-26T08:34:28.269000",
    "Endereço de e-mail": "lucasmandu0202@gmail.com",
    "CURSOS PRETENDIDOS ": "Turma 3 SEGUNDA FEIRA DAS 20:15h ÀS 21:15h",
    "NOME COMPLETO": "Lucas Mandu Pimentel",
    "MATRICULA": "",
    "IDADE ": 21,
    "GÊNERO": "Masculino",
    "RAÇA/COR": "Preto",
    "TELEFONE": "11 965199071",
    "ESCOLARIDADE ": "Cursando Superior",
    "CASO ESTUDE, QUAL O NOME DA INSTITUIÇÃO DE ENSINO? ": "FDSBC - Faculdade de Direito de São Bernardo do Campo",
    "ENDEREÇO": "Rua Dona Augusta Rodrigues Fernandes ",
    "NUMERO ": 31,
    "BAIRRO": "CONCEIÇÃO",
    "CIDADE": "DIADEMA",
    "UF": "SP",
    "PAÍS": "BRASIL",
    "CEP": "09911390",
    "NO DIA DE INÍCIO DAS AULAS TRAZER CÓPIA: RG E CPF, COMPROVANTE DE RESIDÊNCIA E COMPROVANTE DE ESCOLARIDADE.": "Estou ciente da necessidade da entrega dos documentos citados acima para a finalização da matrícula",
    "Para entender melhor a necessidade dos nossos cursistas , gostariamos de saber de você: \nQual curso (que ainda NÃO temos), teria interesse em fazer neste Centro de Formação?": "Francês "
  },
  {
    "Unnamed: 0": "2025-02-26T09:00:25.205000",
    "Endereço de e-mail": "camilamendes153@gmail.com",
    "CURSOS PRETENDIDOS ": "Turma 3 SEGUNDA FEIRA DAS 20:15h ÀS 21:15h",
    "NOME COMPLETO": "Camila Tamara Oliveira Mendes ",
    "MATRICULA": "falta doc",
    "IDADE ": 36,
    "GÊNERO": "Feminino",
    "RAÇA/COR": "Branco",
    "TELEFONE": 11966099412,
    "ESCOLARIDADE ": "Graduação Completa",
    "CASO ESTUDE, QUAL O NOME DA INSTITUIÇÃO DE ENSINO? ": "",
    "ENDEREÇO": "Travessa das Rosas\n116",
    "NUMERO ": 116,
    "BAIRRO": "CENTRO",
    "CIDADE": "DIADEMA",
    "UF": "SP",
    "PAÍS": "BRASIL",
    "CEP": "09990405",
    "NO DIA DE INÍCIO DAS AULAS TRAZER CÓPIA: RG E CPF, COMPROVANTE DE RESIDÊNCIA E COMPROVANTE DE ESCOLARIDADE.": "Estou ciente da necessidade da entrega dos documentos citados acima para a finalização da matrícula",
    "Para entender melhor a necessidade dos nossos cursistas , gostariamos de saber de você: \nQual curso (que ainda NÃO temos), teria interesse em fazer neste Centro de Formação?": "."
  },
  {
    "Unnamed: 0": "2025-02-26T09:55:33.077000",
    "Endereço de e-mail": "joaovitorsoarespacheco78@gmail.com",
    "CURSOS PRETENDIDOS ": "Turma 3 SEGUNDA FEIRA DAS 20:15h ÀS 21:15h",
    "NOME COMPLETO": "João Vitor Soares Pacheco ",
    "MATRICULA": "",
    "IDADE ": 17,
    "GÊNERO": "Masculino",
    "RAÇA/COR": "Pardo",
    "TELEFONE": "(11) 4091-7866",
    "ESCOLARIDADE ": "Fundamental Completo",
    "CASO ESTUDE, QUAL O NOME DA INSTITUIÇÃO DE ENSINO? ": "João de Mello Macedo ",
    "ENDEREÇO": "Passagem buri\n47",
    "NUMERO ": "(11) 97800-6412",
    "BAIRRO": "CAMPANÁRIO",
    "CIDADE": "DIADEMA",
    "UF": "SP",
    "PAÍS": "BRASIL",
    "CEP": "09931-120",
    "NO DIA DE INÍCIO DAS AULAS TRAZER CÓPIA: RG E CPF, COMPROVANTE DE RESIDÊNCIA E COMPROVANTE DE ESCOLARIDADE.": "Estou ciente da necessidade da entrega dos documentos citados acima para a finalização da matrícula",
    "Para entender melhor a necessidade dos nossos cursistas , gostariamos de saber de você: \nQual curso (que ainda NÃO temos), teria interesse em fazer neste Centro de Formação?": "Francês alemão "
  },
  {
    "Unnamed: 0": "2025-02-26T10:37:00.580000",
    "Endereço de e-mail": "cristiano.sancho.ferreira@gmail.com",
    "CURSOS PRETENDIDOS ": "Turma 3 SEGUNDA FEIRA DAS 20:15h ÀS 21:15h",
    "NOME COMPLETO": "Cristiano Sancho Ferreira",
    "MATRICULA": "",
    "IDADE ": 44,
    "GÊNERO": "Masculino",
    "RAÇA/COR": "Pardo",
    "TELEFONE": 11980559823,
    "ESCOLARIDADE ": "Graduação Completa",
    "CASO ESTUDE, QUAL O NOME DA INSTITUIÇÃO DE ENSINO? ": "",
    "ENDEREÇO": "Avenida Sete de Setembro",
    "NUMERO ": 120,
    "BAIRRO": "CENTRO",
    "CIDADE": "DIADEMA",
    "UF": "SP",
    "PAÍS": "BRASIL",
    "CEP": "09912010",
    "NO DIA DE INÍCIO DAS AULAS TRAZER CÓPIA: RG E CPF, COMPROVANTE DE RESIDÊNCIA E COMPROVANTE DE ESCOLARIDADE.": "Estou ciente da necessidade da entrega dos documentos citados acima para a finalização da matrícula",
    "Para entender melhor a necessidade dos nossos cursistas , gostariamos de saber de você: \nQual curso (que ainda NÃO temos), teria interesse em fazer neste Centro de Formação?": "TI"
  },
  {
    "Unnamed: 0": "2025-02-26T10:37:11.354000",
    "Endereço de e-mail": "josenilda.torres.santos@gmail.com",
    "CURSOS PRETENDIDOS ": "Turma 3 SEGUNDA FEIRA DAS 20:15h ÀS 21:15h",
    "NOME COMPLETO": "Josenilda Maria Torres Santos ",
    "MATRICULA": "ok",
    "IDADE ": "53anos",
    "GÊNERO": "Feminino",
    "RAÇA/COR": "Pardo",
    "TELEFONE": "(11)94199-6060",
    "ESCOLARIDADE ": "Ensino Médio Completo",
    "CASO ESTUDE, QUAL O NOME DA INSTITUIÇÃO DE ENSINO? ": "",
    "ENDEREÇO": "Av: São José -bloco Tietê A ap11",
    "NUMERO ": 406,
    "BAIRRO": "CENTRO",
    "CIDADE": "DIADEMA",
    "UF": "SP",
    "PAÍS": "BRASIL",
    "CEP": "09910380",
    "NO DIA DE INÍCIO DAS AULAS TRAZER CÓPIA: RG E CPF, COMPROVANTE DE RESIDÊNCIA E COMPROVANTE DE ESCOLARIDADE.": "Estou ciente da necessidade da entrega dos documentos citados acima para a finalização da matrícula",
    "Para entender melhor a necessidade dos nossos cursistas , gostariamos de saber de você: \nQual curso (que ainda NÃO temos), teria interesse em fazer neste Centro de Formação?": "Não sei dizer"
  },
  {
    "Unnamed: 0": "2025-02-26T10:38:29.219000",
    "Endereço de e-mail": "cristiano.sancho.ferreira@gmail.com",
    "CURSOS PRETENDIDOS ": "Turma 3 SEGUNDA FEIRA DAS 20:15h ÀS 21:15h",
    "NOME COMPLETO": "Ana Beatriz Sancho Ferreira",
    "MATRICULA": "",
    "IDADE ": 14,
    "GÊNERO": "Feminino",
    "RAÇA/COR": "Pardo",
    "TELEFONE": 11980559823,
    "ESCOLARIDADE ": "Fundamental Incompleto",
    "CASO ESTUDE, QUAL O NOME DA INSTITUIÇÃO DE ENSINO? ": "João Ramalho",
    "ENDEREÇO": "Avenida Sete de Setembro",
    "NUMERO ": 120,
    "BAIRRO": "CENTRO",
    "CIDADE": "DIADEMA",
    "UF": "SP",
    "PAÍS": "BRASIL",
    "CEP": "09912010",
    "NO DIA DE INÍCIO DAS AULAS TRAZER CÓPIA: RG E CPF, COMPROVANTE DE RESIDÊNCIA E COMPROVANTE DE ESCOLARIDADE.": "Estou ciente da necessidade da entrega dos documentos citados acima para a finalização da matrícula",
    "Para entender melhor a necessidade dos nossos cursistas , gostariamos de saber de você: \nQual curso (que ainda NÃO temos), teria interesse em fazer neste Centro de Formação?": "TI"
  },
  {
    "Unnamed: 0": "2025-02-26T10:38:40.038000",
    "Endereço de e-mail": "danielle.pereiradeoliveira@gmail.com",
    "CURSOS PRETENDIDOS ": "Turma 3 SEGUNDA FEIRA DAS 20:15h ÀS 21:15h",
    "NOME COMPLETO": "Danielle Pereira de Oliveira",
    "MATRICULA": "falta doc",
    "IDADE ": 25,
    "GÊNERO": "Feminino",
    "RAÇA/COR": "Pardo",
    "TELEFONE": 11954767493,
    "ESCOLARIDADE ": "Graduação Completa",
    "CASO ESTUDE, QUAL O NOME DA INSTITUIÇÃO DE ENSINO? ": "",
    "ENDEREÇO": "Rua Vinícius de Moraes\n165\nCasa",
    "NUMERO ": 165,
    "BAIRRO": "CENTRO",
    "CIDADE": "DIADEMA",
    "UF": "SP",
    "PAÍS": "BRASIL",
    "CEP": "09914-000",
    "NO DIA DE INÍCIO DAS AULAS TRAZER CÓPIA: RG E CPF, COMPROVANTE DE RESIDÊNCIA E COMPROVANTE DE ESCOLARIDADE.": "Estou ciente da necessidade da entrega dos documentos citados acima para a finalização da matrícula",
    "Para entender melhor a necessidade dos nossos cursistas , gostariamos de saber de você: \nQual curso (que ainda NÃO temos), teria interesse em fazer neste Centro de Formação?": "Libras"
  },
  {
    "Unnamed: 0": "2025-02-26T11:19:58.930000",
    "Endereço de e-mail": "leonardovigilante09@gmail.com",
    "CURSOS PRETENDIDOS ": "Turma 3 SEGUNDA FEIRA DAS 20:15h ÀS 21:15h",
    "NOME COMPLETO": "Leonardo Izaías Anacleto ",
    "MATRICULA": "ok",
    "IDADE ": "37 anos ",
    "GÊNERO": "Masculino",
    "RAÇA/COR": "Preto",
    "TELEFONE": 11945978907,
    "ESCOLARIDADE ": "Graduação Incompleta",
    "CASO ESTUDE, QUAL O NOME DA INSTITUIÇÃO DE ENSINO? ": "Unifatecie ",
    "ENDEREÇO": "Rua das palmeiras",
    "NUMERO ": 308,
    "BAIRRO": "ELDORADO",
    "CIDADE": "DIADEMA",
    "UF": "SP",
    "PAÍS": "BRASIL",
    "CEP": "09973230",
    "NO DIA DE INÍCIO DAS AULAS TRAZER CÓPIA: RG E CPF, COMPROVANTE DE RESIDÊNCIA E COMPROVANTE DE ESCOLARIDADE.": "Estou ciente da necessidade da entrega dos documentos citados acima para a finalização da matrícula",
    "Para entender melhor a necessidade dos nossos cursistas , gostariamos de saber de você: \nQual curso (que ainda NÃO temos), teria interesse em fazer neste Centro de Formação?": "Curso voltado para área da educação em inclusão "
  },
  {
    "Unnamed: 0": "2025-02-26T11:34:07.312000",
    "Endereço de e-mail": "katjustino@gmail.com",
    "CURSOS PRETENDIDOS ": "Turma 3 SEGUNDA FEIRA DAS 20:15h ÀS 21:15h",
    "NOME COMPLETO": "Katlley Justino Brasil",
    "MATRICULA": "OK",
    "IDADE ": 24,
    "GÊNERO": "Feminino",
    "RAÇA/COR": "Branco",
    "TELEFONE": 11979973703,
    "ESCOLARIDADE ": "Ensino Médio Completo",
    "CASO ESTUDE, QUAL O NOME DA INSTITUIÇÃO DE ENSINO? ": "",
    "ENDEREÇO": "Rua salvador Corrêa de Sá ",
    "NUMERO ": 268,
    "BAIRRO": "VILA NOGUEIRA",
    "CIDADE": "DIADEMA",
    "UF": "SP",
    "PAÍS": "BRASIL",
    "CEP": "09951060",
    "NO DIA DE INÍCIO DAS AULAS TRAZER CÓPIA: RG E CPF, COMPROVANTE DE RESIDÊNCIA E COMPROVANTE DE ESCOLARIDADE.": "Estou ciente da necessidade da entrega dos documentos citados acima para a finalização da matrícula",
    "Para entender melhor a necessidade dos nossos cursistas , gostariamos de saber de você: \nQual curso (que ainda NÃO temos), teria interesse em fazer neste Centro de Formação?": "Italiano e francês "
  },
  {
    "Unnamed: 0": "2025-02-26T12:24:36.214000",
    "Endereço de e-mail": "aparecida.alaide17@gmail.com",
    "CURSOS PRETENDIDOS ": "Turma 3 SEGUNDA FEIRA DAS 20:15h ÀS 21:15h",
    "NOME COMPLETO": "Vitor Santos ",
    "MATRICULA": "ok",
    "IDADE ": "14 anos ",
    "GÊNERO": "Masculino",
    "RAÇA/COR": "Pardo",
    "TELEFONE": 11985021561,
    "ESCOLARIDADE ": "Ensino Médio Incompleto",
    "CASO ESTUDE, QUAL O NOME DA INSTITUIÇÃO DE ENSINO? ": "",
    "ENDEREÇO": "Avenida Presidente Costa e Silva, ",
    "NUMERO ": 522,
    "BAIRRO": "CASA GRANDE",
    "CIDADE": "DIADEMA",
    "UF": "SP",
    "PAÍS": "BRASIL",
    "CEP": "099614000",
    "NO DIA DE INÍCIO DAS AULAS TRAZER CÓPIA: RG E CPF, COMPROVANTE DE RESIDÊNCIA E COMPROVANTE DE ESCOLARIDADE.": "Estou ciente da necessidade da entrega dos documentos citados acima para a finalização da matrícula",
    "Para entender melhor a necessidade dos nossos cursistas , gostariamos de saber de você: \nQual curso (que ainda NÃO temos), teria interesse em fazer neste Centro de Formação?": "Francês "
  },
  {
    "Unnamed: 0": "2025-02-26T15:20:22.065000",
    "Endereço de e-mail": "isabellaalvespires1@gmail.com",
    "CURSOS PRETENDIDOS ": "Turma 3 SEGUNDA FEIRA DAS 20:15h ÀS 21:15h",
    "NOME COMPLETO": "Isabella alves pires ",
    "MATRICULA": "",
    "IDADE ": 15,
    "GÊNERO": "Feminino",
    "RAÇA/COR": "Branco",
    "TELEFONE": 11960410632,
    "ESCOLARIDADE ": "Estudando ensino médio",
    "CASO ESTUDE, QUAL O NOME DA INSTITUIÇÃO DE ENSINO? ": "​Escola Estadual Ismael da Silva Junior",
    "ENDEREÇO": "Rua Armando Pinelli ",
    "NUMERO ": 268,
    "BAIRRO": "TABOÃO",
    "CIDADE": "DIADEMA",
    "UF": "SP",
    "PAÍS": "BRASIL",
    "CEP": "09930310",
    "NO DIA DE INÍCIO DAS AULAS TRAZER CÓPIA: RG E CPF, COMPROVANTE DE RESIDÊNCIA E COMPROVANTE DE ESCOLARIDADE.": "Estou ciente da necessidade da entrega dos documentos citados acima para a finalização da matrícula",
    "Para entender melhor a necessidade dos nossos cursistas , gostariamos de saber de você: \nQual curso (que ainda NÃO temos), teria interesse em fazer neste Centro de Formação?": "Musica "
  },
  {
    "Unnamed: 0": "2025-02-26T18:52:10.465000",
    "Endereço de e-mail": "rivaldo.ferreira@uni9.edu.br",
    "CURSOS PRETENDIDOS ": "Turma 3 SEGUNDA FEIRA DAS 20:15h ÀS 21:15h",
    "NOME COMPLETO": "Rivaldo Ferreira da Silva",
    "MATRICULA": "",
    "IDADE ": 39,
    "GÊNERO": "Masculino",
    "RAÇA/COR": "Preto",
    "TELEFONE": 11977963386,
    "ESCOLARIDADE ": "Graduação Incompleta",
    "CASO ESTUDE, QUAL O NOME DA INSTITUIÇÃO DE ENSINO? ": "",
    "ENDEREÇO": "Rua São Manoel ",
    "NUMERO ": 240,
    "BAIRRO": "CENTRO",
    "CIDADE": "DIADEMA",
    "UF": "SP",
    "PAÍS": "BRASIL",
    "CEP": "09910630",
    "NO DIA DE INÍCIO DAS AULAS TRAZER CÓPIA: RG E CPF, COMPROVANTE DE RESIDÊNCIA E COMPROVANTE DE ESCOLARIDADE.": "Estou ciente da necessidade da entrega dos documentos citados acima para a finalização da matrícula",
    "Para entender melhor a necessidade dos nossos cursistas , gostariamos de saber de você: \nQual curso (que ainda NÃO temos), teria interesse em fazer neste Centro de Formação?": "Francês "
  },
  {
    "Unnamed: 0": "2025-02-27T11:00:50.340000",
    "Endereço de e-mail": "nathaliegibelli40@gmail.com",
    "CURSOS PRETENDIDOS ": "Turma 3 SEGUNDA FEIRA DAS 20:15h ÀS 21:15h",
    "NOME COMPLETO": "Nathalie Gibelli Pinto",
    "MATRICULA": "",
    "IDADE ": 38,
    "GÊNERO": "Feminino",
    "RAÇA/COR": "Branco",
    "TELEFONE": 11980219806,
    "ESCOLARIDADE ": "Graduação Completa",
    "CASO ESTUDE, QUAL O NOME DA INSTITUIÇÃO DE ENSINO? ": "",
    "ENDEREÇO": "Rua regente feijo ",
    "NUMERO ": 166,
    "BAIRRO": "CENTRO",
    "CIDADE": "DIADEMA",
    "UF": "SP",
    "PAÍS": "BRASIL",
    "CEP": "09910770",
    "NO DIA DE INÍCIO DAS AULAS TRAZER CÓPIA: RG E CPF, COMPROVANTE DE RESIDÊNCIA E COMPROVANTE DE ESCOLARIDADE.": "Estou ciente da necessidade da entrega dos documentos citados acima para a finalização da matrícula",
    "Para entender melhor a necessidade dos nossos cursistas , gostariamos de saber de você: \nQual curso (que ainda NÃO temos), teria interesse em fazer neste Centro de Formação?": "Nao ha "
  },
  {
    "Unnamed: 0": "2025-02-27T11:23:57.119000",
    "Endereço de e-mail": "ingrid.oliveira.albuq@gmail.com",
    "CURSOS PRETENDIDOS ": "Turma 3 SEGUNDA FEIRA DAS 20:15h ÀS 21:15h",
    "NOME COMPLETO": "Ingrid Albuquerque de Oliveira",
    "MATRICULA": "falta os doc",
    "IDADE ": 29,
    "GÊNERO": "Feminino",
    "RAÇA/COR": "Branco",
    "TELEFONE": 11980166050,
    "ESCOLARIDADE ": "Graduação Incompleta",
    "CASO ESTUDE, QUAL O NOME DA INSTITUIÇÃO DE ENSINO? ": "UNINOVE",
    "ENDEREÇO": "Rua barão de itajuba ",
    "NUMERO ": 161,
    "BAIRRO": "CASA GRANDE",
    "CIDADE": "DIADEMA",
    "UF": "SP",
    "PAÍS": "BRASIL",
    "CEP": "09961630",
    "NO DIA DE INÍCIO DAS AULAS TRAZER CÓPIA: RG E CPF, COMPROVANTE DE RESIDÊNCIA E COMPROVANTE DE ESCOLARIDADE.": "Estou ciente da necessidade da entrega dos documentos citados acima para a finalização da matrícula",
    "Para entender melhor a necessidade dos nossos cursistas , gostariamos de saber de você: \nQual curso (que ainda NÃO temos), teria interesse em fazer neste Centro de Formação?": "não sei"
  },
  {
    "Unnamed: 0": "2025-02-27T11:25:12.195000",
    "Endereço de e-mail": "ingrid.oliveira.albuq@gmail.com",
    "CURSOS PRETENDIDOS ": "Turma 3 SEGUNDA FEIRA DAS 20:15h ÀS 21:15h",
    "NOME COMPLETO": "Manuela albuquerque Guiotoko",
    "MATRICULA": "",
    "IDADE ": 10,
    "GÊNERO": "Feminino",
    "RAÇA/COR": "Branco",
    "TELEFONE": 11980166050,
    "ESCOLARIDADE ": "Fundamental Incompleto",
    "CASO ESTUDE, QUAL O NOME DA INSTITUIÇÃO DE ENSINO? ": "E.E Aldemir de Souza Castro",
    "ENDEREÇO": "Rua barão de itajuba",
    "NUMERO ": 161,
    "BAIRRO": "CASA GRANDE",
    "CIDADE": "DIADEMA",
    "UF": "SP",
    "PAÍS": "BRASIL",
    "CEP": "09961630",
    "NO DIA DE INÍCIO DAS AULAS TRAZER CÓPIA: RG E CPF, COMPROVANTE DE RESIDÊNCIA E COMPROVANTE DE ESCOLARIDADE.": "Estou ciente da necessidade da entrega dos documentos citados acima para a finalização da matrícula",
    "Para entender melhor a necessidade dos nossos cursistas , gostariamos de saber de você: \nQual curso (que ainda NÃO temos), teria interesse em fazer neste Centro de Formação?": "desenho"
  },
  {
    "Unnamed: 0": "2025-02-27T11:29:50.962000",
    "Endereço de e-mail": "kamilavsilva1007@gmail.com",
    "CURSOS PRETENDIDOS ": "Turma 3 SEGUNDA FEIRA DAS 20:15h ÀS 21:15h",
    "NOME COMPLETO": "Kamila Vieira Souza",
    "MATRICULA": "ok",
    "IDADE ": 30,
    "GÊNERO": "Feminino",
    "RAÇA/COR": "Preto",
    "TELEFONE": 11953432077,
    "ESCOLARIDADE ": "Graduação Completa",
    "CASO ESTUDE, QUAL O NOME DA INSTITUIÇÃO DE ENSINO? ": "Anhembi Morumbi ",
    "ENDEREÇO": "Regente feijo",
    "NUMERO ": "166 - apartamento 601",
    "BAIRRO": "CENTRO",
    "CIDADE": "DIADEMA",
    "UF": "SP",
    "PAÍS": "BRASIL",
    "CEP": "09910-770",
    "NO DIA DE INÍCIO DAS AULAS TRAZER CÓPIA: RG E CPF, COMPROVANTE DE RESIDÊNCIA E COMPROVANTE DE ESCOLARIDADE.": "Estou ciente da necessidade da entrega dos documentos citados acima para a finalização da matrícula",
    "Para entender melhor a necessidade dos nossos cursistas , gostariamos de saber de você: \nQual curso (que ainda NÃO temos), teria interesse em fazer neste Centro de Formação?": "Power B.I"
  },
  {
    "Unnamed: 0": "2025-02-27T11:37:43.093000",
    "Endereço de e-mail": "amadocastelobrancoflavia@gmail.com",
    "CURSOS PRETENDIDOS ": "Turma 3 SEGUNDA FEIRA DAS 20:15h ÀS 21:15h",
    "NOME COMPLETO": "Yago Alexandro Castelo Branco ",
    "MATRICULA": "",
    "IDADE ": 21,
    "GÊNERO": "Masculino",
    "RAÇA/COR": "Pardo",
    "TELEFONE": 11985546097,
    "ESCOLARIDADE ": "Ensino Médio Completo",
    "CASO ESTUDE, QUAL O NOME DA INSTITUIÇÃO DE ENSINO? ": "",
    "ENDEREÇO": "Rua dos guatambus ",
    "NUMERO ": 263,
    "BAIRRO": "ELDORADO",
    "CIDADE": "DIADEMA",
    "UF": "SP",
    "PAÍS": "BRASIL",
    "CEP": "09973270",
    "NO DIA DE INÍCIO DAS AULAS TRAZER CÓPIA: RG E CPF, COMPROVANTE DE RESIDÊNCIA E COMPROVANTE DE ESCOLARIDADE.": "Estou ciente da necessidade da entrega dos documentos citados acima para a finalização da matrícula",
    "Para entender melhor a necessidade dos nossos cursistas , gostariamos de saber de você: \nQual curso (que ainda NÃO temos), teria interesse em fazer neste Centro de Formação?": "Área de games"
  },
  {
    "Unnamed: 0": "2025-02-27T11:41:29.074000",
    "Endereço de e-mail": "yago.thales.tomaz@gmail.com",
    "CURSOS PRETENDIDOS ": "Turma 3 SEGUNDA FEIRA DAS 20:15h ÀS 21:15h",
    "NOME COMPLETO": "Yago Thales Tomaz",
    "MATRICULA": "falta ass termo, doc ok",
    "IDADE ": 33,
    "GÊNERO": "Masculino",
    "RAÇA/COR": "Pardo",
    "TELEFONE": 11995560701,
    "ESCOLARIDADE ": "Ensino Médio Completo",
    "CASO ESTUDE, QUAL O NOME DA INSTITUIÇÃO DE ENSINO? ": "",
    "ENDEREÇO": "Rua Regente Feijó",
    "NUMERO ": 166,
    "BAIRRO": "CENTRO",
    "CIDADE": "DIADEMA",
    "UF": "SP",
    "PAÍS": "BRASIL",
    "CEP": "09910770",
    "NO DIA DE INÍCIO DAS AULAS TRAZER CÓPIA: RG E CPF, COMPROVANTE DE RESIDÊNCIA E COMPROVANTE DE ESCOLARIDADE.": "Estou ciente da necessidade da entrega dos documentos citados acima para a finalização da matrícula",
    "Para entender melhor a necessidade dos nossos cursistas , gostariamos de saber de você: \nQual curso (que ainda NÃO temos), teria interesse em fazer neste Centro de Formação?": "robotica"
  },
  {
    "Unnamed: 0": "2025-02-27T11:51:13.166000",
    "Endereço de e-mail": "josi16santos@gmail.com",
    "CURSOS PRETENDIDOS ": "Turma 3 SEGUNDA FEIRA DAS 20:15h ÀS 21:15h",
    "NOME COMPLETO": "JOSIANE SANTOS TOMAZ ",
    "MATRICULA": "ok",
    "IDADE ": "40 ANOS",
    "GÊNERO": "Feminino",
    "RAÇA/COR": "Branco",
    "TELEFONE": 11971890140,
    "ESCOLARIDADE ": "Graduação Completa",
    "CASO ESTUDE, QUAL O NOME DA INSTITUIÇÃO DE ENSINO? ": "",
    "ENDEREÇO": "RUA REGENTE FEIJO ",
    "NUMERO ": 166,
    "BAIRRO": "CENTRO",
    "CIDADE": "DIADEMA",
    "UF": "SP",
    "PAÍS": "BRASIL",
    "CEP": "09910770",
    "NO DIA DE INÍCIO DAS AULAS TRAZER CÓPIA: RG E CPF, COMPROVANTE DE RESIDÊNCIA E COMPROVANTE DE ESCOLARIDADE.": "Estou ciente da necessidade da entrega dos documentos citados acima para a finalização da matrícula",
    "Para entender melhor a necessidade dos nossos cursistas , gostariamos de saber de você: \nQual curso (que ainda NÃO temos), teria interesse em fazer neste Centro de Formação?": "JAPONES "
  },
  {
    "Unnamed: 0": "2025-02-27T12:08:50.564000",
    "Endereço de e-mail": "lari.inomata.cardoso@gmail.com",
    "CURSOS PRETENDIDOS ": "Turma 3 SEGUNDA FEIRA DAS 20:15h ÀS 21:15h",
    "NOME COMPLETO": "Larissa Inomata Cardoso da Silva",
    "MATRICULA": "",
    "IDADE ": 31,
    "GÊNERO": "Feminino",
    "RAÇA/COR": "Branco",
    "TELEFONE": 11986743996,
    "ESCOLARIDADE ": "Graduação Completa",
    "CASO ESTUDE, QUAL O NOME DA INSTITUIÇÃO DE ENSINO? ": "",
    "ENDEREÇO": "Rua Regente Feijó, ",
    "NUMERO ": "166 - Apto 208",
    "BAIRRO": "CENTRO",
    "CIDADE": "DIADEMA",
    "UF": "SP",
    "PAÍS": "BRASIL",
    "CEP": "09910-770",
    "NO DIA DE INÍCIO DAS AULAS TRAZER CÓPIA: RG E CPF, COMPROVANTE DE RESIDÊNCIA E COMPROVANTE DE ESCOLARIDADE.": "Estou ciente da necessidade da entrega dos documentos citados acima para a finalização da matrícula",
    "Para entender melhor a necessidade dos nossos cursistas , gostariamos de saber de você: \nQual curso (que ainda NÃO temos), teria interesse em fazer neste Centro de Formação?": ""
  },
  {
    "Unnamed: 0": "2025-02-27T12:37:36.492000",
    "Endereço de e-mail": "richardvaz02@gmail.com",
    "CURSOS PRETENDIDOS ": "Turma 3 SEGUNDA FEIRA DAS 20:15h ÀS 21:15h",
    "NOME COMPLETO": "Richard Dos Santos Vaz ",
    "MATRICULA": "ok",
    "IDADE ": 19,
    "GÊNERO": "Masculino",
    "RAÇA/COR": "Pardo",
    "TELEFONE": 11982245409,
    "ESCOLARIDADE ": "Ensino Médio Completo",
    "CASO ESTUDE, QUAL O NOME DA INSTITUIÇÃO DE ENSINO? ": "",
    "ENDEREÇO": "Travessa São Gervásio\n06",
    "NUMERO ": "06",
    "BAIRRO": "CASA GRANDE",
    "CIDADE": "DIADEMA",
    "UF": "SP",
    "PAÍS": "BRASIL",
    "CEP": "09962-330",
    "NO DIA DE INÍCIO DAS AULAS TRAZER CÓPIA: RG E CPF, COMPROVANTE DE RESIDÊNCIA E COMPROVANTE DE ESCOLARIDADE.": "Estou ciente da necessidade da entrega dos documentos citados acima para a finalização da matrícula",
    "Para entender melhor a necessidade dos nossos cursistas , gostariamos de saber de você: \nQual curso (que ainda NÃO temos), teria interesse em fazer neste Centro de Formação?": "Recursos humanos"
  },
  {
    "Unnamed: 0": "2025-02-27T14:41:28.580000",
    "Endereço de e-mail": "janielleoliveira87@gmail.com",
    "CURSOS PRETENDIDOS ": "Turma 3 SEGUNDA FEIRA DAS 20:15h ÀS 21:15h",
    "NOME COMPLETO": "Janielle de Oliveira Lima",
    "MATRICULA": "",
    "IDADE ": 26,
    "GÊNERO": "Feminino",
    "RAÇA/COR": "Branco",
    "TELEFONE": 11945510520,
    "ESCOLARIDADE ": "Técnico logística ",
    "CASO ESTUDE, QUAL O NOME DA INSTITUIÇÃO DE ENSINO? ": "Geead Tec",
    "ENDEREÇO": "Rua campos salles",
    "NUMERO ": 27,
    "BAIRRO": "VILA NOGUEIRA",
    "CIDADE": "DIADEMA",
    "UF": "SP",
    "PAÍS": "BRASIL",
    "CEP": "09960470",
    "NO DIA DE INÍCIO DAS AULAS TRAZER CÓPIA: RG E CPF, COMPROVANTE DE RESIDÊNCIA E COMPROVANTE DE ESCOLARIDADE.": "Estou ciente da necessidade da entrega dos documentos citados acima para a finalização da matrícula",
    "Para entender melhor a necessidade dos nossos cursistas , gostariamos de saber de você: \nQual curso (que ainda NÃO temos), teria interesse em fazer neste Centro de Formação?": "Contabilidade"
  },
  {
    "Unnamed: 0": "2025-02-27T18:01:34.615000",
    "Endereço de e-mail": "rafaelsantana.projetos@gmail.com",
    "CURSOS PRETENDIDOS ": "Turma 3 SEGUNDA FEIRA DAS 20:15h ÀS 21:15h",
    "NOME COMPLETO": "Rafael Rodrigo Tavares de Santana",
    "MATRICULA": "ok",
    "IDADE ": 36,
    "GÊNERO": "Masculino",
    "RAÇA/COR": "Branco",
    "TELEFONE": 11970498261,
    "ESCOLARIDADE ": "Graduação Completa",
    "CASO ESTUDE, QUAL O NOME DA INSTITUIÇÃO DE ENSINO? ": "",
    "ENDEREÇO": "Rua Acácio",
    "NUMERO ": 468,
    "BAIRRO": "CAMPANÁRIO",
    "CIDADE": "DIADEMA",
    "UF": "SP",
    "PAÍS": "BRASIL",
    "CEP": "09931070",
    "NO DIA DE INÍCIO DAS AULAS TRAZER CÓPIA: RG E CPF, COMPROVANTE DE RESIDÊNCIA E COMPROVANTE DE ESCOLARIDADE.": "Estou ciente da necessidade da entrega dos documentos citados acima para a finalização da matrícula",
    "Para entender melhor a necessidade dos nossos cursistas , gostariamos de saber de você: \nQual curso (que ainda NÃO temos), teria interesse em fazer neste Centro de Formação?": "Administração"
  },
  {
    "Unnamed: 0": "2025-02-27T18:04:27.088000",
    "Endereço de e-mail": "emilytinasan@gmail.com",
    "CURSOS PRETENDIDOS ": "Turma 3 SEGUNDA FEIRA DAS 20:15h ÀS 21:15h",
    "NOME COMPLETO": "Emily Cristina Silva de Santana",
    "MATRICULA": "ok",
    "IDADE ": 15,
    "GÊNERO": "Feminino",
    "RAÇA/COR": "Branco",
    "TELEFONE": 11978297576,
    "ESCOLARIDADE ": "Ensino Médio Incompleto",
    "CASO ESTUDE, QUAL O NOME DA INSTITUIÇÃO DE ENSINO? ": "E. E. Maria Carolina Cassini Cardim",
    "ENDEREÇO": "Rua Acácio",
    "NUMERO ": 468,
    "BAIRRO": "CAMPANÁRIO",
    "CIDADE": "DIADEMA",
    "UF": "SP",
    "PAÍS": "BRASIL",
    "CEP": "09931070",
    "NO DIA DE INÍCIO DAS AULAS TRAZER CÓPIA: RG E CPF, COMPROVANTE DE RESIDÊNCIA E COMPROVANTE DE ESCOLARIDADE.": "Estou ciente da necessidade da entrega dos documentos citados acima para a finalização da matrícula",
    "Para entender melhor a necessidade dos nossos cursistas , gostariamos de saber de você: \nQual curso (que ainda NÃO temos), teria interesse em fazer neste Centro de Formação?": "Administração"
  },
  {
    "Unnamed: 0": "2025-02-27T21:34:24.152000",
    "Endereço de e-mail": "ingrdsilva8@gmail.com",
    "CURSOS PRETENDIDOS ": "Turma 3 SEGUNDA FEIRA DAS 20:15h ÀS 21:15h",
    "NOME COMPLETO": "Ingrid da silva souxa",
    "MATRICULA": "",
    "IDADE ": 24,
    "GÊNERO": "Feminino",
    "RAÇA/COR": "Pardo",
    "TELEFONE": 11960454792,
    "ESCOLARIDADE ": "Ensino Médio Completo",
    "CASO ESTUDE, QUAL O NOME DA INSTITUIÇÃO DE ENSINO? ": "",
    "ENDEREÇO": "Estrada da água santa ",
    "NUMERO ": 1234,
    "BAIRRO": "ELDORADO",
    "CIDADE": "DIADEMA",
    "UF": "SP",
    "PAÍS": "BRASIL",
    "CEP": "04476490",
    "NO DIA DE INÍCIO DAS AULAS TRAZER CÓPIA: RG E CPF, COMPROVANTE DE RESIDÊNCIA E COMPROVANTE DE ESCOLARIDADE.": "Estou ciente da necessidade da entrega dos documentos citados acima para a finalização da matrícula",
    "Para entender melhor a necessidade dos nossos cursistas , gostariamos de saber de você: \nQual curso (que ainda NÃO temos), teria interesse em fazer neste Centro de Formação?": "Espanhol "
  },
  {
    "Unnamed: 0": "2025-02-27T21:54:41.189000",
    "Endereço de e-mail": "jaquelu2011@gmail.com",
    "CURSOS PRETENDIDOS ": "Turma 3 SEGUNDA FEIRA DAS 20:15h ÀS 21:15h",
    "NOME COMPLETO": "Jacqueline augusta correa de souza",
    "MATRICULA": "",
    "IDADE ": 54,
    "GÊNERO": "Feminino",
    "RAÇA/COR": "Pardo",
    "TELEFONE": "11 993343459 ",
    "ESCOLARIDADE ": "Graduação Completa",
    "CASO ESTUDE, QUAL O NOME DA INSTITUIÇÃO DE ENSINO? ": "",
    "ENDEREÇO": "Rua São Francisco de Assis 385 ",
    "NUMERO ": "385 apto 47",
    "BAIRRO": "CENTRO",
    "CIDADE": "DIADEMA",
    "UF": "SP",
    "PAÍS": "BRASIL",
    "CEP": "09911000",
    "NO DIA DE INÍCIO DAS AULAS TRAZER CÓPIA: RG E CPF, COMPROVANTE DE RESIDÊNCIA E COMPROVANTE DE ESCOLARIDADE.": "Estou ciente da necessidade da entrega dos documentos citados acima para a finalização da matrícula",
    "Para entender melhor a necessidade dos nossos cursistas , gostariamos de saber de você: \nQual curso (que ainda NÃO temos), teria interesse em fazer neste Centro de Formação?": "Ingles "
  },
  {
    "Unnamed: 0": "2025-02-28T09:23:49.693000",
    "Endereço de e-mail": "andreza.maria.87@gmail.com",
    "CURSOS PRETENDIDOS ": "Turma 3 SEGUNDA FEIRA DAS 20:15h ÀS 21:15h",
    "NOME COMPLETO": "Estela Evangelista Dantas",
    "MATRICULA": "",
    "IDADE ": "13 anos faz 14 em abril ",
    "GÊNERO": "Feminino",
    "RAÇA/COR": "Pardo",
    "TELEFONE": 11940814553,
    "ESCOLARIDADE ": "Fundamental Completo",
    "CASO ESTUDE, QUAL O NOME DA INSTITUIÇÃO DE ENSINO? ": "João Ramalho ",
    "ENDEREÇO": "Av. Sete de setembro ",
    "NUMERO ": "295 apto 502",
    "BAIRRO": "CENTRO",
    "CIDADE": "DIADEMA",
    "UF": "SP",
    "PAÍS": "BRASIL",
    "CEP": "09912010",
    "NO DIA DE INÍCIO DAS AULAS TRAZER CÓPIA: RG E CPF, COMPROVANTE DE RESIDÊNCIA E COMPROVANTE DE ESCOLARIDADE.": "Estou ciente da necessidade da entrega dos documentos citados acima para a finalização da matrícula",
    "Para entender melhor a necessidade dos nossos cursistas , gostariamos de saber de você: \nQual curso (que ainda NÃO temos), teria interesse em fazer neste Centro de Formação?": "Marketing digital "
  },
  {
    "Unnamed: 0": "2025-02-28T19:12:09.370000",
    "Endereço de e-mail": "claudio.dantas.moraes@gmail.com",
    "CURSOS PRETENDIDOS ": "Turma 3 SEGUNDA FEIRA DAS 20:15h ÀS 21:15h",
    "NOME COMPLETO": "Claudio Dantas de Moraes ",
    "MATRICULA": "",
    "IDADE ": 49,
    "GÊNERO": "Masculino",
    "RAÇA/COR": "Branco",
    "TELEFONE": 11974358533,
    "ESCOLARIDADE ": "Graduação Completa",
    "CASO ESTUDE, QUAL O NOME DA INSTITUIÇÃO DE ENSINO? ": "",
    "ENDEREÇO": "Avenida Sete de Setembro",
    "NUMERO ": 295,
    "BAIRRO": "CENTRO",
    "CIDADE": "DIADEMA",
    "UF": "SP",
    "PAÍS": "BRASIL",
    "CEP": "09912010",
    "NO DIA DE INÍCIO DAS AULAS TRAZER CÓPIA: RG E CPF, COMPROVANTE DE RESIDÊNCIA E COMPROVANTE DE ESCOLARIDADE.": "Estou ciente da necessidade da entrega dos documentos citados acima para a finalização da matrícula",
    "Para entender melhor a necessidade dos nossos cursistas , gostariamos de saber de você: \nQual curso (que ainda NÃO temos), teria interesse em fazer neste Centro de Formação?": "Mandarin "
  },
  {
    "Unnamed: 0": "2025-03-01T11:59:17.500000",
    "Endereço de e-mail": "rogerls1209@gmail.com",
    "CURSOS PRETENDIDOS ": "Turma 3 SEGUNDA FEIRA DAS 20:15h ÀS 21:15h",
    "NOME COMPLETO": "Rogerio Luiz da Silva ",
    "MATRICULA": "OK",
    "IDADE ": 48,
    "GÊNERO": "Masculino",
    "RAÇA/COR": "Pardo",
    "TELEFONE": 11994762197,
    "ESCOLARIDADE ": "Graduação Completa",
    "CASO ESTUDE, QUAL O NOME DA INSTITUIÇÃO DE ENSINO? ": "",
    "ENDEREÇO": "Rua Marechal Deodoro",
    "NUMERO ": 86,
    "BAIRRO": "CENTRO",
    "CIDADE": "DIADEMA",
    "UF": "SP",
    "PAÍS": "BRASIL",
    "CEP": "09912020",
    "NO DIA DE INÍCIO DAS AULAS TRAZER CÓPIA: RG E CPF, COMPROVANTE DE RESIDÊNCIA E COMPROVANTE DE ESCOLARIDADE.": "Estou ciente da necessidade da entrega dos documentos citados acima para a finalização da matrícula",
    "Para entender melhor a necessidade dos nossos cursistas , gostariamos de saber de você: \nQual curso (que ainda NÃO temos), teria interesse em fazer neste Centro de Formação?": "Excell"
  },
  {
    "Unnamed: 0": "2025-03-06T16:12:01.531000",
    "Endereço de e-mail": "joaovitorsoarespacheco78@gmail.com",
    "CURSOS PRETENDIDOS ": "Turma 3 SEGUNDA FEIRA DAS 20:15h ÀS 21:15h",
    "NOME COMPLETO": "João Vitor Soares Pacheco ",
    "MATRICULA": "",
    "IDADE ": 17,
    "GÊNERO": "Masculino",
    "RAÇA/COR": "Pardo",
    "TELEFONE": 11978006412,
    "ESCOLARIDADE ": "Fundamental Completo",
    "CASO ESTUDE, QUAL O NOME DA INSTITUIÇÃO DE ENSINO? ": "Joao de Mello Macedo ",
    "ENDEREÇO": "Passagem buri campanário Diadema ",
    "NUMERO ": 47,
    "BAIRRO": "CAMPANÁRIO",
    "CIDADE": "DIADEMA",
    "UF": "SP",
    "PAÍS": "BRASIL",
    "CEP": "09931-120",
    "NO DIA DE INÍCIO DAS AULAS TRAZER CÓPIA: RG E CPF, COMPROVANTE DE RESIDÊNCIA E COMPROVANTE DE ESCOLARIDADE.": "Estou ciente da necessidade da entrega dos documentos citados acima para a finalização da matrícula",
    "Para entender melhor a necessidade dos nossos cursistas , gostariamos de saber de você: \nQual curso (que ainda NÃO temos), teria interesse em fazer neste Centro de Formação?": "Não "
  },
  {
    "Unnamed: 0": "2025-03-07T22:34:58.969000",
    "Endereço de e-mail": "fabiobiboy123@gmail.com",
    "CURSOS PRETENDIDOS ": "Turma 3 SEGUNDA FEIRA DAS 20:15h ÀS 21:15h",
    "NOME COMPLETO": "Fabricio Gonçalves de Jesus ",
    "MATRICULA": "",
    "IDADE ": 17,
    "GÊNERO": "Masculino",
    "RAÇA/COR": "Pardo",
    "TELEFONE": "11 914697697",
    "ESCOLARIDADE ": "Ensino Médio Incompleto",
    "CASO ESTUDE, QUAL O NOME DA INSTITUIÇÃO DE ENSINO? ": "PEI PROF Sylvia Ramos Esquivel",
    "ENDEREÇO": "Travessa Estados Unidos ",
    "NUMERO ": 17,
    "BAIRRO": "CENTRO",
    "CIDADE": "DIADEMA",
    "UF": "SP",
    "PAÍS": "BRASIL",
    "CEP": "09921028",
    "NO DIA DE INÍCIO DAS AULAS TRAZER CÓPIA: RG E CPF, COMPROVANTE DE RESIDÊNCIA E COMPROVANTE DE ESCOLARIDADE.": "Estou ciente da necessidade da entrega dos documentos citados acima para a finalização da matrícula",
    "Para entender melhor a necessidade dos nossos cursistas , gostariamos de saber de você: \nQual curso (que ainda NÃO temos), teria interesse em fazer neste Centro de Formação?": "Pré vestibular "
  },
  {
    "Unnamed: 0": "2025-03-07T22:40:28.148000",
    "Endereço de e-mail": "webdeks55@gmail.com",
    "CURSOS PRETENDIDOS ": "Turma 3 SEGUNDA FEIRA DAS 20:15h ÀS 21:15h",
    "NOME COMPLETO": "Wendel De Jesus Roseno Dos Santos",
    "MATRICULA": "",
    "IDADE ": 16,
    "GÊNERO": "Masculino",
    "RAÇA/COR": "Preto",
    "TELEFONE": "+5511945599988",
    "ESCOLARIDADE ": "Ensino Médio Incompleto",
    "CASO ESTUDE, QUAL O NOME DA INSTITUIÇÃO DE ENSINO? ": "Sylvia Ramos Esquível ",
    "ENDEREÇO": "Rua canada ",
    "NUMERO ": 279,
    "BAIRRO": "CENTRO",
    "CIDADE": "DIADEMA",
    "UF": "SP",
    "PAÍS": "BRASIL",
    "CEP": "09921-040",
    "NO DIA DE INÍCIO DAS AULAS TRAZER CÓPIA: RG E CPF, COMPROVANTE DE RESIDÊNCIA E COMPROVANTE DE ESCOLARIDADE.": "Estou ciente da necessidade da entrega dos documentos citados acima para a finalização da matrícula",
    "Para entender melhor a necessidade dos nossos cursistas , gostariamos de saber de você: \nQual curso (que ainda NÃO temos), teria interesse em fazer neste Centro de Formação?": "Informática "
  },
  {
    "Unnamed: 0": "2025-03-11T17:13:38.991000",
    "Endereço de e-mail": "oliveiradejesus.bruno@gmail.com",
    "CURSOS PRETENDIDOS ": "Turma 3 SEGUNDA FEIRA DAS 20:15h ÀS 21:15h",
    "NOME COMPLETO": "Bruno de Oliveira de Jesus",
    "MATRICULA": "",
    "IDADE ": 28,
    "GÊNERO": "Masculino",
    "RAÇA/COR": "Preto",
    "TELEFONE": "11 97364-9888 ",
    "ESCOLARIDADE ": "Graduação Completa",
    "CASO ESTUDE, QUAL O NOME DA INSTITUIÇÃO DE ENSINO? ": "",
    "ENDEREÇO": "Rua Felipe Camarão",
    "NUMERO ": 217,
    "BAIRRO": "CENTRO",
    "CIDADE": "DIADEMA",
    "UF": "SP",
    "PAÍS": "BRASIL",
    "CEP": "09911340",
    "NO DIA DE INÍCIO DAS AULAS TRAZER CÓPIA: RG E CPF, COMPROVANTE DE RESIDÊNCIA E COMPROVANTE DE ESCOLARIDADE.": "Estou ciente da necessidade da entrega dos documentos citados acima para a finalização da matrícula",
    "Para entender melhor a necessidade dos nossos cursistas , gostariamos de saber de você: \nQual curso (que ainda NÃO temos), teria interesse em fazer neste Centro de Formação?": "Excel"
  },
  {
    "Unnamed: 0": "2025-03-19T19:38:10.390000",
    "Endereço de e-mail": "geovananascimentooliveira568@gmail.com",
    "CURSOS PRETENDIDOS ": "Turma 3 SEGUNDA FEIRA DAS 20:15h ÀS 21:15h",
    "NOME COMPLETO": "Geovana Nascimento Oliveira",
    "MATRICULA": "ok",
    "IDADE ": 21,
    "GÊNERO": "Feminino",
    "RAÇA/COR": "Preto",
    "TELEFONE": 11967697110,
    "ESCOLARIDADE ": "Ensino Médio Completo",
    "CASO ESTUDE, QUAL O NOME DA INSTITUIÇÃO DE ENSINO? ": "Não estudo ",
    "ENDEREÇO": "Rua Francisco Alves ",
    "NUMERO ": 148,
    "BAIRRO": "CENTRO",
    "CIDADE": "DIADEMA",
    "UF": "SP",
    "PAÍS": "BRASIL",
    "CEP": "09910020",
    "NO DIA DE INÍCIO DAS AULAS TRAZER CÓPIA: RG E CPF, COMPROVANTE DE RESIDÊNCIA E COMPROVANTE DE ESCOLARIDADE.": "Estou ciente da necessidade da entrega dos documentos citados acima para a finalização da matrícula",
    "Para entender melhor a necessidade dos nossos cursistas , gostariamos de saber de você: \nQual curso (que ainda NÃO temos), teria interesse em fazer neste Centro de Formação?": "Maquiagem "
  }
]