[
  {
    "Carimbo de data/hora": "",
    "Endereço de e-mail": "josianeeluna@gmail.com",
    "CURSOS PRETENDIDOS ": "Turma 1 SEGUNDA FEIRA DAS 09:00h ÀS 10:00h",
    "NOME COMPLETO": "Josiane Sandra Laine pereira ",
    "MATRICULA": "",
    "IDADE ": 32,
    "GÊNERO": "Feminino",
    "RAÇA/COR": "Pardo",
    "TELEFONE": 11970168145,
    "ESCOLARIDADE ": "Ensino Médio Completo",
    "CASO ESTUDE, QUAL O NOME DA INSTITUIÇÃO DE ENSINO? ": "",
    "ENDEREÇO": "Casa\nAp",
    "NUMERO ": 556,
    "BAIRRO": "VILA NOGUEIRA",
    "CIDADE": "DIADEMA",
    "UF": "SP",
    "PAÍS": "BRASIL",
    "CEP": "09952208",
    "NO DIA DE INÍCIO DAS AULAS TRAZER CÓPIA: RG E CPF, COMPROVANTE DE RESIDÊNCIA E COMPROVANTE DE ESCOLARIDADE.": "Estou ciente da necessidade da entrega dos documentos citados acima para a finalização da matrícula",
    "Para entender melhor a necessidade dos nossos cursistas , gostariamos de saber de você: \nQual curso (que ainda NÃO temos), teria interesse em fazer neste Centro de Formação?": "Informática "
  },
  {
    "Carimbo de data/hora": "2025-02-21T11:26:06.142000",
    "Endereço de e-mail": "leonardomoraes0803@gmail.com",
    "CURSOS PRETENDIDOS ": "Turma 1 SEGUNDA FEIRA DAS 09:00h ÀS 10:00h",
    "NOME COMPLETO": "Leonardo Moraes De Araujo Paixão ",
    "MATRICULA": "falta atestado de matrícula escolar ",
    "IDADE ": 16,
    "GÊNERO": "Masculino",
    "RAÇA/COR": "Pardo",
    "TELEFONE": 11953733674,
    "ESCOLARIDADE ": "prestando Ensino Medio ",
    "CASO ESTUDE, QUAL O NOME DA INSTITUIÇÃO DE ENSINO? ": "E E Riolando Canno",
    "ENDEREÇO": "rua bandeirantes ",
    "NUMERO ": 239,
    "BAIRRO": "CONCEIÇÃO",
    "CIDADE": "DIADEMA",
    "UF": "SP",
    "PAÍS": "BRASIL",
    "CEP": "09912230",
    "NO DIA DE INÍCIO DAS AULAS TRAZER CÓPIA: RG E CPF, COMPROVANTE DE RESIDÊNCIA E COMPROVANTE DE ESCOLARIDADE.": "Estou ciente da necessidade da entrega dos documentos citados acima para a finalização da matrícula",
    "Para entender melhor a necessidade dos nossos cursistas , gostariamos de saber de você: \nQual curso (que ainda NÃO temos), teria interesse em fazer neste Centro de Formação?": "."
  },
  {
    "Carimbo de data/hora": "2025-02-21T11:27:04.689000",
    "Endereço de e-mail": "grandiniviviane@gmail.com",
    "CURSOS PRETENDIDOS ": "Turma 1 SEGUNDA FEIRA DAS 09:00h ÀS 10:00h",
    "NOME COMPLETO": "Viviane Grandini",
    "MATRICULA": "",
    "IDADE ": 31,
    "GÊNERO": "Feminino",
    "RAÇA/COR": "Branco",
    "TELEFONE": "11 98901",
    "ESCOLARIDADE ": "Ensino Médio Completo",
    "CASO ESTUDE, QUAL O NOME DA INSTITUIÇÃO DE ENSINO? ": "",
    "ENDEREÇO": "Rua sebastião ferreira leite ",
    "NUMERO ": 29,
    "BAIRRO": "CENTRO",
    "CIDADE": "DIADEMA",
    "UF": "SP",
    "PAÍS": "BRASIL",
    "CEP": "09911300",
    "NO DIA DE INÍCIO DAS AULAS TRAZER CÓPIA: RG E CPF, COMPROVANTE DE RESIDÊNCIA E COMPROVANTE DE ESCOLARIDADE.": "Estou ciente da necessidade da entrega dos documentos citados acima para a finalização da matrícula",
    "Para entender melhor a necessidade dos nossos cursistas , gostariamos de saber de você: \nQual curso (que ainda NÃO temos), teria interesse em fazer neste Centro de Formação?": "Algo ligada a tecnologia"
  },
  {
    "Carimbo de data/hora": "2025-02-21T11:32:39.703000",
    "Endereço de e-mail": "rogeriopellegrino29@gmail.com",
    "CURSOS PRETENDIDOS ": "Turma 1 SEGUNDA FEIRA DAS 09:00h ÀS 10:00h",
    "NOME COMPLETO": "Rogerio Pellegrino da Silva ",
    "MATRICULA": "",
    "IDADE ": "16 anos",
    "GÊNERO": "Masculino",
    "RAÇA/COR": "Branco",
    "TELEFONE": "+55 11 98520-7931",
    "ESCOLARIDADE ": "Fundamental Completo",
    "CASO ESTUDE, QUAL O NOME DA INSTITUIÇÃO DE ENSINO? ": "Fábio Eduardo Ramos Esquivel ",
    "ENDEREÇO": "Rua Barretos ",
    "NUMERO ": 176,
    "BAIRRO": "CENTRO",
    "CIDADE": "DIADEMA",
    "UF": "SP",
    "PAÍS": "BRASIL",
    "CEP": "09920130",
    "NO DIA DE INÍCIO DAS AULAS TRAZER CÓPIA: RG E CPF, COMPROVANTE DE RESIDÊNCIA E COMPROVANTE DE ESCOLARIDADE.": "Estou ciente da necessidade da entrega dos documentos citados acima para a finalização da matrícula",
    "Para entender melhor a necessidade dos nossos cursistas , gostariamos de saber de você: \nQual curso (que ainda NÃO temos), teria interesse em fazer neste Centro de Formação?": "Sim, Megatronica"
  },
  {
    "Carimbo de data/hora": "2025-02-21T11:37:16.412000",
    "Endereço de e-mail": "auxiliadora.dori@gmail.com",
    "CURSOS PRETENDIDOS ": "Turma 1 SEGUNDA FEIRA DAS 09:00h ÀS 10:00h",
    "NOME COMPLETO": "Joana Izabel Santos Vieira ",
    "MATRICULA": "",
    "IDADE ": "12 anos",
    "GÊNERO": "Feminino",
    "RAÇA/COR": "Preto",
    "TELEFONE": "(11)992264636",
    "ESCOLARIDADE ": "Fundamental Incompleto",
    "CASO ESTUDE, QUAL O NOME DA INSTITUIÇÃO DE ENSINO? ": "E. E. Marie Nader Calfat ",
    "ENDEREÇO": "Rua: Carandá ",
    "NUMERO ": 202,
    "BAIRRO": "CAMPANÁRIO",
    "CIDADE": "DIADEMA",
    "UF": "SP",
    "PAÍS": "BRASIL",
    "CEP": "09931110",
    "NO DIA DE INÍCIO DAS AULAS TRAZER CÓPIA: RG E CPF, COMPROVANTE DE RESIDÊNCIA E COMPROVANTE DE ESCOLARIDADE.": "Estou ciente da necessidade da entrega dos documentos citados acima para a finalização da matrícula",
    "Para entender melhor a necessidade dos nossos cursistas , gostariamos de saber de você: \nQual curso (que ainda NÃO temos), teria interesse em fazer neste Centro de Formação?": "Libras"
  },
  {
    "Carimbo de data/hora": "2025-02-21T11:43:15.566000",
    "Endereço de e-mail": "lelanegaps@hotmail.com",
    "CURSOS PRETENDIDOS ": "Turma 1 SEGUNDA FEIRA DAS 09:00h ÀS 10:00h",
    "NOME COMPLETO": "Maria Aurelia Pereira dos Santos ",
    "MATRICULA": "ok",
    "IDADE ": 47,
    "GÊNERO": "Feminino",
    "RAÇA/COR": "Preto",
    "TELEFONE": 11992953468,
    "ESCOLARIDADE ": "Graduação Completa",
    "CASO ESTUDE, QUAL O NOME DA INSTITUIÇÃO DE ENSINO? ": "",
    "ENDEREÇO": "Rua Carandá ",
    "NUMERO ": 202,
    "BAIRRO": "CAMPANÁRIO",
    "CIDADE": "DIADEMA",
    "UF": "SP",
    "PAÍS": "BRASIL",
    "CEP": "09931110",
    "NO DIA DE INÍCIO DAS AULAS TRAZER CÓPIA: RG E CPF, COMPROVANTE DE RESIDÊNCIA E COMPROVANTE DE ESCOLARIDADE.": "Estou ciente da necessidade da entrega dos documentos citados acima para a finalização da matrícula",
    "Para entender melhor a necessidade dos nossos cursistas , gostariamos de saber de você: \nQual curso (que ainda NÃO temos), teria interesse em fazer neste Centro de Formação?": "Redação "
  },
  {
    "Carimbo de data/hora": "2025-02-21T14:21:22.695000",
    "Endereço de e-mail": "katiadelivery@outlook.com",
    "CURSOS PRETENDIDOS ": "Turma 1 SEGUNDA FEIRA DAS 09:00h ÀS 10:00h",
    "NOME COMPLETO": "Kaue  yuuki yamamoto ",
    "MATRICULA": "",
    "IDADE ": "17 anos ",
    "GÊNERO": "Masculino",
    "RAÇA/COR": "Branco",
    "TELEFONE": "11 97993-9192 ",
    "ESCOLARIDADE ": "Ensino Médio Incompleto",
    "CASO ESTUDE, QUAL O NOME DA INSTITUIÇÃO DE ENSINO? ": "",
    "ENDEREÇO": "Rua Tomas Edson, ",
    "NUMERO ": 226,
    "BAIRRO": "CONCEIÇÃO",
    "CIDADE": "DIADEMA",
    "UF": "SP",
    "PAÍS": "BRASIL",
    "CEP": "09990-160 ",
    "NO DIA DE INÍCIO DAS AULAS TRAZER CÓPIA: RG E CPF, COMPROVANTE DE RESIDÊNCIA E COMPROVANTE DE ESCOLARIDADE.": "Estou ciente da necessidade da entrega dos documentos citados acima para a finalização da matrícula",
    "Para entender melhor a necessidade dos nossos cursistas , gostariamos de saber de você: \nQual curso (que ainda NÃO temos), teria interesse em fazer neste Centro de Formação?": "Japones"
  },
  {
    "Carimbo de data/hora": "2025-02-21T14:33:18.479000",
    "Endereço de e-mail": "katiadelivery@outlook.com",
    "CURSOS PRETENDIDOS ": "Turma 1 SEGUNDA FEIRA DAS 09:00h ÀS 10:00h",
    "NOME COMPLETO": "Katia  Maria da silva yamamoto ",
    "MATRICULA": "trazer docs.",
    "IDADE ": "47 anos",
    "GÊNERO": "Feminino",
    "RAÇA/COR": "Branco",
    "TELEFONE": "11 97993-9192 ",
    "ESCOLARIDADE ": "Ensino Médio Completo",
    "CASO ESTUDE, QUAL O NOME DA INSTITUIÇÃO DE ENSINO? ": "",
    "ENDEREÇO": "Rua Tomas Edson",
    "NUMERO ": 226,
    "BAIRRO": "CONCEIÇÃO",
    "CIDADE": "DIADEMA",
    "UF": "SP",
    "PAÍS": "BRASIL",
    "CEP": "09990-160 ",
    "NO DIA DE INÍCIO DAS AULAS TRAZER CÓPIA: RG E CPF, COMPROVANTE DE RESIDÊNCIA E COMPROVANTE DE ESCOLARIDADE.": "Estou ciente da necessidade da entrega dos documentos citados acima para a finalização da matrícula",
    "Para entender melhor a necessidade dos nossos cursistas , gostariamos de saber de você: \nQual curso (que ainda NÃO temos), teria interesse em fazer neste Centro de Formação?": "Japones"
  },
  {
    "Carimbo de data/hora": "2025-02-21T17:17:37.104000",
    "Endereço de e-mail": "maysaraquel2@gmail.com",
    "CURSOS PRETENDIDOS ": "Turma 1 SEGUNDA FEIRA DAS 09:00h ÀS 10:00h",
    "NOME COMPLETO": "Maisa Alves de Souza ",
    "MATRICULA": "",
    "IDADE ": 30,
    "GÊNERO": "Feminino",
    "RAÇA/COR": "Pardo",
    "TELEFONE": 11948692217,
    "ESCOLARIDADE ": "Graduação Incompleta",
    "CASO ESTUDE, QUAL O NOME DA INSTITUIÇÃO DE ENSINO? ": "",
    "ENDEREÇO": "Av Maria candida de oliveira ",
    "NUMERO ": 868,
    "BAIRRO": "CASA GRANDE",
    "CIDADE": "DIADEMA",
    "UF": "SP",
    "PAÍS": "BRASIL",
    "CEP": "09961000",
    "NO DIA DE INÍCIO DAS AULAS TRAZER CÓPIA: RG E CPF, COMPROVANTE DE RESIDÊNCIA E COMPROVANTE DE ESCOLARIDADE.": "Estou ciente da necessidade da entrega dos documentos citados acima para a finalização da matrícula",
    "Para entender melhor a necessidade dos nossos cursistas , gostariamos de saber de você: \nQual curso (que ainda NÃO temos), teria interesse em fazer neste Centro de Formação?": "Excel"
  },
  {
    "Carimbo de data/hora": "2025-02-21T18:53:17.607000",
    "Endereço de e-mail": "saramoreira9460@gmail.com",
    "CURSOS PRETENDIDOS ": "Turma 1 SEGUNDA FEIRA DAS 09:00h ÀS 10:00h",
    "NOME COMPLETO": "sara silva santos",
    "MATRICULA": "",
    "IDADE ": 17,
    "GÊNERO": "Feminino",
    "RAÇA/COR": "Pardo",
    "TELEFONE": "11 98034-6167",
    "ESCOLARIDADE ": "Ensino Médio Completo",
    "CASO ESTUDE, QUAL O NOME DA INSTITUIÇÃO DE ENSINO? ": "joao de melo macedo",
    "ENDEREÇO": "rua inglaterra ",
    "NUMERO ": 77,
    "BAIRRO": "TABOÃO",
    "CIDADE": "DIADEMA",
    "UF": "SP",
    "PAÍS": "BRASIL",
    "CEP": "09941040",
    "NO DIA DE INÍCIO DAS AULAS TRAZER CÓPIA: RG E CPF, COMPROVANTE DE RESIDÊNCIA E COMPROVANTE DE ESCOLARIDADE.": "Estou ciente da necessidade da entrega dos documentos citados acima para a finalização da matrícula",
    "Para entender melhor a necessidade dos nossos cursistas , gostariamos de saber de você: \nQual curso (que ainda NÃO temos), teria interesse em fazer neste Centro de Formação?": "administração "
  },
  {
    "Carimbo de data/hora": "2025-02-21T19:37:53.621000",
    "Endereço de e-mail": "keithsaraiva@hotmail.com",
    "CURSOS PRETENDIDOS ": "Turma 1 SEGUNDA FEIRA DAS 09:00h ÀS 10:00h",
    "NOME COMPLETO": "Maria Luiza Viana Saraiva ",
    "MATRICULA": "",
    "IDADE ": 13,
    "GÊNERO": "Feminino",
    "RAÇA/COR": "Branco",
    "TELEFONE": 11968153290,
    "ESCOLARIDADE ": "Fundamental Incompleto",
    "CASO ESTUDE, QUAL O NOME DA INSTITUIÇÃO DE ENSINO? ": "EE Diadema ",
    "ENDEREÇO": "Rua Regente Feijó",
    "NUMERO ": 166,
    "BAIRRO": "CENTRO",
    "CIDADE": "DIADEMA",
    "UF": "SP",
    "PAÍS": "BRASIL",
    "CEP": "09910770",
    "NO DIA DE INÍCIO DAS AULAS TRAZER CÓPIA: RG E CPF, COMPROVANTE DE RESIDÊNCIA E COMPROVANTE DE ESCOLARIDADE.": "Estou ciente da necessidade da entrega dos documentos citados acima para a finalização da matrícula",
    "Para entender melhor a necessidade dos nossos cursistas , gostariamos de saber de você: \nQual curso (que ainda NÃO temos), teria interesse em fazer neste Centro de Formação?": "Não tenho nenhum pra indicar "
  },
  {
    "Carimbo de data/hora": "2025-02-21T21:43:22.510000",
    "Endereço de e-mail": "duca-almeida@hotmail.com",
    "CURSOS PRETENDIDOS ": "Turma 1 SEGUNDA FEIRA DAS 09:00h ÀS 10:00h",
    "NOME COMPLETO": "Maria do Carmo Rocha Almeida ",
    "MATRICULA": "",
    "IDADE ": 44,
    "GÊNERO": "Feminino",
    "RAÇA/COR": "Pardo",
    "TELEFONE": 11975184042,
    "ESCOLARIDADE ": "Ensino Médio Incompleto",
    "CASO ESTUDE, QUAL O NOME DA INSTITUIÇÃO DE ENSINO? ": "",
    "ENDEREÇO": "Rua Bartolomeu de Gusmão, 67",
    "NUMERO ": 67,
    "BAIRRO": "VILA NOGUEIRA",
    "CIDADE": "DIADEMA",
    "UF": "SP",
    "PAÍS": "BRASIL",
    "CEP": "09960-430",
    "NO DIA DE INÍCIO DAS AULAS TRAZER CÓPIA: RG E CPF, COMPROVANTE DE RESIDÊNCIA E COMPROVANTE DE ESCOLARIDADE.": "Estou ciente da necessidade da entrega dos documentos citados acima para a finalização da matrícula",
    "Para entender melhor a necessidade dos nossos cursistas , gostariamos de saber de você: \nQual curso (que ainda NÃO temos), teria interesse em fazer neste Centro de Formação?": "Vigilância saúde "
  },
  {
    "Carimbo de data/hora": "2025-02-21T22:33:10.432000",
    "Endereço de e-mail": "ja.silva@uni9.edu.br",
    "CURSOS PRETENDIDOS ": "Turma 1 SEGUNDA FEIRA DAS 09:00h ÀS 10:00h",
    "NOME COMPLETO": "Ana Luiza Silva Araújo ",
    "MATRICULA": "",
    "IDADE ": 14,
    "GÊNERO": "Feminino",
    "RAÇA/COR": "Pardo",
    "TELEFONE": "11 96781 4398",
    "ESCOLARIDADE ": "Ensino Médio Incompleto",
    "CASO ESTUDE, QUAL O NOME DA INSTITUIÇÃO DE ENSINO? ": "Antonieta Borges Alves ",
    "ENDEREÇO": "Rua Estrada do pedregulho ",
    "NUMERO ": 53,
    "BAIRRO": "SERRARIA",
    "CIDADE": "DIADEMA",
    "UF": "SP",
    "PAÍS": "BRASIL",
    "CEP": "09980-340 ",
    "NO DIA DE INÍCIO DAS AULAS TRAZER CÓPIA: RG E CPF, COMPROVANTE DE RESIDÊNCIA E COMPROVANTE DE ESCOLARIDADE.": "Estou ciente da necessidade da entrega dos documentos citados acima para a finalização da matrícula",
    "Para entender melhor a necessidade dos nossos cursistas , gostariamos de saber de você: \nQual curso (que ainda NÃO temos), teria interesse em fazer neste Centro de Formação?": "Informática "
  },
  {
    "Carimbo de data/hora": "2025-02-21T22:33:15.446000",
    "Endereço de e-mail": "ferreirafabioneide@gmail.com",
    "CURSOS PRETENDIDOS ": "Turma 1 SEGUNDA FEIRA DAS 09:00h ÀS 10:00h",
    "NOME COMPLETO": "Jennifer Martins De Figueiredo ",
    "MATRICULA": "ok",
    "IDADE ": 16,
    "GÊNERO": "Feminino",
    "RAÇA/COR": "Branco",
    "TELEFONE": 11958716877,
    "ESCOLARIDADE ": "Cursando o ensino médio ",
    "CASO ESTUDE, QUAL O NOME DA INSTITUIÇÃO DE ENSINO? ": "E.E. Pei Origines Lessa",
    "ENDEREÇO": "Rua Santo Antônio de Pádua ",
    "NUMERO ": 519,
    "BAIRRO": "CASA GRANDE",
    "CIDADE": "DIADEMA",
    "UF": "SP",
    "PAÍS": "BRASIL",
    "CEP": "09961190",
    "NO DIA DE INÍCIO DAS AULAS TRAZER CÓPIA: RG E CPF, COMPROVANTE DE RESIDÊNCIA E COMPROVANTE DE ESCOLARIDADE.": "Estou ciente da necessidade da entrega dos documentos citados acima para a finalização da matrícula",
    "Para entender melhor a necessidade dos nossos cursistas , gostariamos de saber de você: \nQual curso (que ainda NÃO temos), teria interesse em fazer neste Centro de Formação?": "Gastronomia"
  },
  {
    "Carimbo de data/hora": "2025-02-21T22:41:19.148000",
    "Endereço de e-mail": "rosa.sindema@gmail.com",
    "CURSOS PRETENDIDOS ": "Turma 1 SEGUNDA FEIRA DAS 09:00h ÀS 10:00h",
    "NOME COMPLETO": "Roseli Aparecida de Souza ",
    "MATRICULA": "OK",
    "IDADE ": 59,
    "GÊNERO": "Feminino",
    "RAÇA/COR": "Branco",
    "TELEFONE": "11 99109-8375 ",
    "ESCOLARIDADE ": "Graduação Completa",
    "CASO ESTUDE, QUAL O NOME DA INSTITUIÇÃO DE ENSINO? ": "",
    "ENDEREÇO": "Rua Professor Evandro Caiafa Esquivel ",
    "NUMERO ": 354,
    "BAIRRO": "CENTRO",
    "CIDADE": "DIADEMA",
    "UF": "SP",
    "PAÍS": "BRASIL",
    "CEP": "09911-360 ",
    "NO DIA DE INÍCIO DAS AULAS TRAZER CÓPIA: RG E CPF, COMPROVANTE DE RESIDÊNCIA E COMPROVANTE DE ESCOLARIDADE.": "Estou ciente da necessidade da entrega dos documentos citados acima para a finalização da matrícula",
    "Para entender melhor a necessidade dos nossos cursistas , gostariamos de saber de você: \nQual curso (que ainda NÃO temos), teria interesse em fazer neste Centro de Formação?": "História do Brasil"
  },
  {
    "Carimbo de data/hora": "2025-02-21T22:51:31.632000",
    "Endereço de e-mail": "yasmincarvalhofelix01@gmail.com",
    "CURSOS PRETENDIDOS ": "Turma 1 SEGUNDA FEIRA DAS 09:00h ÀS 10:00h",
    "NOME COMPLETO": "Yasmin Carvalho Felix",
    "MATRICULA": "",
    "IDADE ": 17,
    "GÊNERO": "Feminino",
    "RAÇA/COR": "Pardo",
    "TELEFONE": "11 98469038",
    "ESCOLARIDADE ": "Ensino Médio Incompleto",
    "CASO ESTUDE, QUAL O NOME DA INSTITUIÇÃO DE ENSINO? ": "E.E PEI orígenes lessa",
    "ENDEREÇO": "Rua José Modesto de Carvalho ",
    "NUMERO ": 163,
    "BAIRRO": "VILA NOGUEIRA",
    "CIDADE": "DIADEMA",
    "UF": "SP",
    "PAÍS": "BRASIL",
    "CEP": "09951-170",
    "NO DIA DE INÍCIO DAS AULAS TRAZER CÓPIA: RG E CPF, COMPROVANTE DE RESIDÊNCIA E COMPROVANTE DE ESCOLARIDADE.": "Estou ciente da necessidade da entrega dos documentos citados acima para a finalização da matrícula",
    "Para entender melhor a necessidade dos nossos cursistas , gostariamos de saber de você: \nQual curso (que ainda NÃO temos), teria interesse em fazer neste Centro de Formação?": "mandarim "
  },
  {
    "Carimbo de data/hora": "2025-02-22T02:26:20.829000",
    "Endereço de e-mail": "dudu_kobayashi@hotmail.com",
    "CURSOS PRETENDIDOS ": "Turma 1 SEGUNDA FEIRA DAS 09:00h ÀS 10:00h",
    "NOME COMPLETO": "Eduardo Pereira Lustosa ",
    "MATRICULA": "",
    "IDADE ": 24,
    "GÊNERO": "Masculino",
    "RAÇA/COR": "Preto",
    "TELEFONE": 1199462062,
    "ESCOLARIDADE ": "Ensino Médio Completo",
    "CASO ESTUDE, QUAL O NOME DA INSTITUIÇÃO DE ENSINO? ": "",
    "ENDEREÇO": "Passagem verde grama ",
    "NUMERO ": 93,
    "BAIRRO": "VILA NOGUEIRA",
    "CIDADE": "DIADEMA",
    "UF": "SP",
    "PAÍS": "BRASIL",
    "CEP": "09952-120",
    "NO DIA DE INÍCIO DAS AULAS TRAZER CÓPIA: RG E CPF, COMPROVANTE DE RESIDÊNCIA E COMPROVANTE DE ESCOLARIDADE.": "Estou ciente da necessidade da entrega dos documentos citados acima para a finalização da matrícula",
    "Para entender melhor a necessidade dos nossos cursistas , gostariamos de saber de você: \nQual curso (que ainda NÃO temos), teria interesse em fazer neste Centro de Formação?": "ADM "
  },
  {
    "Carimbo de data/hora": "2025-02-22T06:26:39.546000",
    "Endereço de e-mail": "rleme610@gmail.com",
    "CURSOS PRETENDIDOS ": "Turma 1 SEGUNDA FEIRA DAS 09:00h ÀS 10:00h",
    "NOME COMPLETO": "Renata santos leme ",
    "MATRICULA": "",
    "IDADE ": 28,
    "GÊNERO": "Feminino",
    "RAÇA/COR": "Branco",
    "TELEFONE": "1199507-7747",
    "ESCOLARIDADE ": "Graduação Incompleta",
    "CASO ESTUDE, QUAL O NOME DA INSTITUIÇÃO DE ENSINO? ": "",
    "ENDEREÇO": "Rua professor Evandro Caiafa Esquivel ",
    "NUMERO ": "354 apto 106 B ",
    "BAIRRO": "CENTRO",
    "CIDADE": "DIADEMA",
    "UF": "SP",
    "PAÍS": "BRASIL",
    "CEP": "09911-360",
    "NO DIA DE INÍCIO DAS AULAS TRAZER CÓPIA: RG E CPF, COMPROVANTE DE RESIDÊNCIA E COMPROVANTE DE ESCOLARIDADE.": "Estou ciente da necessidade da entrega dos documentos citados acima para a finalização da matrícula",
    "Para entender melhor a necessidade dos nossos cursistas , gostariamos de saber de você: \nQual curso (que ainda NÃO temos), teria interesse em fazer neste Centro de Formação?": "Excel "
  },
  {
    "Carimbo de data/hora": "2025-02-22T09:24:48.539000",
    "Endereço de e-mail": "ishidamarcia0@gmail.com",
    "CURSOS PRETENDIDOS ": "Turma 1 SEGUNDA FEIRA DAS 09:00h ÀS 10:00h",
    "NOME COMPLETO": "Marcia Keiko Ishida",
    "MATRICULA": "ok",
    "IDADE ": 60,
    "GÊNERO": "Feminino",
    "RAÇA/COR": "Amarelo",
    "TELEFONE": "011 98284-3813",
    "ESCOLARIDADE ": "Ensino Médio Completo",
    "CASO ESTUDE, QUAL O NOME DA INSTITUIÇÃO DE ENSINO? ": "",
    "ENDEREÇO": "Rua Nelson Rodrigues",
    "NUMERO ": 57,
    "BAIRRO": "CONCEIÇÃO",
    "CIDADE": "DIADEMA",
    "UF": "SP",
    "PAÍS": "BRASIL",
    "CEP": "09911440",
    "NO DIA DE INÍCIO DAS AULAS TRAZER CÓPIA: RG E CPF, COMPROVANTE DE RESIDÊNCIA E COMPROVANTE DE ESCOLARIDADE.": "Estou ciente da necessidade da entrega dos documentos citados acima para a finalização da matrícula",
    "Para entender melhor a necessidade dos nossos cursistas , gostariamos de saber de você: \nQual curso (que ainda NÃO temos), teria interesse em fazer neste Centro de Formação?": "Coreano ou japones"
  },
  {
    "Carimbo de data/hora": "2025-02-22T11:49:12.853000",
    "Endereço de e-mail": "alinealencar500@gmail.com",
    "CURSOS PRETENDIDOS ": "Turma 1 SEGUNDA FEIRA DAS 09:00h ÀS 10:00h",
    "NOME COMPLETO": "Aline de Alencar Luz ",
    "MATRICULA": "",
    "IDADE ": "17 anos ",
    "GÊNERO": "Feminino",
    "RAÇA/COR": "Preto",
    "TELEFONE": "(11)969578934",
    "ESCOLARIDADE ": "Ensino Médio Completo",
    "CASO ESTUDE, QUAL O NOME DA INSTITUIÇÃO DE ENSINO? ": "E.E JOÃO DE MELO MACEDO ",
    "ENDEREÇO": "Rua Suíça ",
    "NUMERO ": 165,
    "BAIRRO": "TABOÃO",
    "CIDADE": "DIADEMA",
    "UF": "SP",
    "PAÍS": "BRASIL",
    "CEP": "09940289",
    "NO DIA DE INÍCIO DAS AULAS TRAZER CÓPIA: RG E CPF, COMPROVANTE DE RESIDÊNCIA E COMPROVANTE DE ESCOLARIDADE.": "Estou ciente da necessidade da entrega dos documentos citados acima para a finalização da matrícula",
    "Para entender melhor a necessidade dos nossos cursistas , gostariamos de saber de você: \nQual curso (que ainda NÃO temos), teria interesse em fazer neste Centro de Formação?": "Informática "
  },
  {
    "Carimbo de data/hora": "2025-02-27T11:18:01.692000",
    "Endereço de e-mail": "nathandragon827@gmail.com",
    "CURSOS PRETENDIDOS ": "Turma 1 SEGUNDA FEIRA DAS 09:00h ÀS 10:00h",
    "NOME COMPLETO": "Nathan dos Santos Oliveira ",
    "MATRICULA": "OK",
    "IDADE ": 19,
    "GÊNERO": "Masculino",
    "RAÇA/COR": "Preto",
    "TELEFONE": "+55 11 96278-4300",
    "ESCOLARIDADE ": "Graduação Incompleta",
    "CASO ESTUDE, QUAL O NOME DA INSTITUIÇÃO DE ENSINO? ": "Anhanguera ",
    "ENDEREÇO": "Rua Santa Cruz ",
    "NUMERO ": 1122,
    "BAIRRO": "CANHEMA",
    "CIDADE": "DIADEMA",
    "UF": "SP",
    "PAÍS": "BRASIL",
    "CEP": "09941-230 ",
    "NO DIA DE INÍCIO DAS AULAS TRAZER CÓPIA: RG E CPF, COMPROVANTE DE RESIDÊNCIA E COMPROVANTE DE ESCOLARIDADE.": "Estou ciente da necessidade da entrega dos documentos citados acima para a finalização da matrícula",
    "Para entender melhor a necessidade dos nossos cursistas , gostariamos de saber de você: \nQual curso (que ainda NÃO temos), teria interesse em fazer neste Centro de Formação?": "Informática "
  },
  {
    "Carimbo de data/hora": "2025-02-23T22:12:57.837000",
    "Endereço de e-mail": "katiadelivery@outlook.com",
    "CURSOS PRETENDIDOS ": "Turma 1 SEGUNDA FEIRA DAS 09:00h ÀS 10:00h",
    "NOME COMPLETO": "Katia  Maria da Silva yamamoto ",
    "MATRICULA": "falta docw",
    "IDADE ": 47,
    "GÊNERO": "Feminino",
    "RAÇA/COR": "Branco",
    "TELEFONE": 119799391,
    "ESCOLARIDADE ": "Ensino Médio Incompleto",
    "CASO ESTUDE, QUAL O NOME DA INSTITUIÇÃO DE ENSINO? ": "",
    "ENDEREÇO": "Rua Tomas Edson, ",
    "NUMERO ": 226,
    "BAIRRO": "CONCEIÇÃO",
    "CIDADE": "DIADEMA",
    "UF": "SP",
    "PAÍS": "BRASIL",
    "CEP": "09990-160 ",
    "NO DIA DE INÍCIO DAS AULAS TRAZER CÓPIA: RG E CPF, COMPROVANTE DE RESIDÊNCIA E COMPROVANTE DE ESCOLARIDADE.": "Estou ciente da necessidade da entrega dos documentos citados acima para a finalização da matrícula",
    "Para entender melhor a necessidade dos nossos cursistas , gostariamos de saber de você: \nQual curso (que ainda NÃO temos), teria interesse em fazer neste Centro de Formação?": "Japones"
  },
  {
    "Carimbo de data/hora": "2025-02-24T13:20:41.646000",
    "Endereço de e-mail": "jessicamariasilva222@gmail.com",
    "CURSOS PRETENDIDOS ": "Turma 1 SEGUNDA FEIRA DAS 09:00h ÀS 10:00h",
    "NOME COMPLETO": "Jéssica Maria",
    "MATRICULA": "",
    "IDADE ": 16,
    "GÊNERO": "Feminino",
    "RAÇA/COR": "Branco",
    "TELEFONE": 1186499282727,
    "ESCOLARIDADE ": "Ensino Médio Incompleto",
    "CASO ESTUDE, QUAL O NOME DA INSTITUIÇÃO DE ENSINO? ": ".",
    "ENDEREÇO": "Passagem vanguarda ",
    "NUMERO ": 67,
    "BAIRRO": "PIRAPORINHA",
    "CIDADE": "DIADEMA",
    "UF": "SP",
    "PAÍS": "BRASIL",
    "CEP": "09950-755",
    "NO DIA DE INÍCIO DAS AULAS TRAZER CÓPIA: RG E CPF, COMPROVANTE DE RESIDÊNCIA E COMPROVANTE DE ESCOLARIDADE.": "Estou ciente da necessidade da entrega dos documentos citados acima para a finalização da matrícula",
    "Para entender melhor a necessidade dos nossos cursistas , gostariamos de saber de você: \nQual curso (que ainda NÃO temos), teria interesse em fazer neste Centro de Formação?": "Adm"
  },
  {
    "Carimbo de data/hora": "2025-02-24T18:45:05.717000",
    "Endereço de e-mail": "nataliaoliveiratemporini@gmail.com",
    "CURSOS PRETENDIDOS ": "Turma 1 SEGUNDA FEIRA DAS 09:00h ÀS 10:00h",
    "NOME COMPLETO": "Natália da Silva Oliveira Temporini ",
    "MATRICULA": "OK",
    "IDADE ": "39 anos",
    "GÊNERO": "Feminino",
    "RAÇA/COR": "Pardo",
    "TELEFONE": 11982411946,
    "ESCOLARIDADE ": "Graduação Incompleta",
    "CASO ESTUDE, QUAL O NOME DA INSTITUIÇÃO DE ENSINO? ": "FASP",
    "ENDEREÇO": "Rua Luiza Maria Nogueira ",
    "NUMERO ": 66,
    "BAIRRO": "TABOÃO",
    "CIDADE": "DIADEMA",
    "UF": "SP",
    "PAÍS": "BRASIL",
    "CEP": "09932300",
    "NO DIA DE INÍCIO DAS AULAS TRAZER CÓPIA: RG E CPF, COMPROVANTE DE RESIDÊNCIA E COMPROVANTE DE ESCOLARIDADE.": "Estou ciente da necessidade da entrega dos documentos citados acima para a finalização da matrícula",
    "Para entender melhor a necessidade dos nossos cursistas , gostariamos de saber de você: \nQual curso (que ainda NÃO temos), teria interesse em fazer neste Centro de Formação?": "Latim"
  },
  {
    "Carimbo de data/hora": "2025-02-24T22:52:15.674000",
    "Endereço de e-mail": "starelayne@gmail.com",
    "CURSOS PRETENDIDOS ": "Turma 1 SEGUNDA FEIRA DAS 09:00h ÀS 10:00h",
    "NOME COMPLETO": "Elayne Santana Oliveira ",
    "MATRICULA": "",
    "IDADE ": 18,
    "GÊNERO": "Feminino",
    "RAÇA/COR": "Branco",
    "TELEFONE": 11948525344,
    "ESCOLARIDADE ": "Ensino Médio Completo",
    "CASO ESTUDE, QUAL O NOME DA INSTITUIÇÃO DE ENSINO? ": "",
    "ENDEREÇO": "Rua Érico Veríssimo ",
    "NUMERO ": 160,
    "BAIRRO": "CONCEIÇÃO",
    "CIDADE": "DIADEMA",
    "UF": "SP",
    "PAÍS": "BRASIL",
    "CEP": "09990220",
    "NO DIA DE INÍCIO DAS AULAS TRAZER CÓPIA: RG E CPF, COMPROVANTE DE RESIDÊNCIA E COMPROVANTE DE ESCOLARIDADE.": "Estou ciente da necessidade da entrega dos documentos citados acima para a finalização da matrícula",
    "Para entender melhor a necessidade dos nossos cursistas , gostariamos de saber de você: \nQual curso (que ainda NÃO temos), teria interesse em fazer neste Centro de Formação?": "Curso de informática "
  },
  {
    "Carimbo de data/hora": "2025-02-25T13:51:21.391000",
    "Endereço de e-mail": "joiascloset@gmail.com",
    "CURSOS PRETENDIDOS ": "Turma 1 SEGUNDA FEIRA DAS 09:00h ÀS 10:00h",
    "NOME COMPLETO": "Jamile Gleice Lima Santos ",
    "MATRICULA": "trazer documentos",
    "IDADE ": 34,
    "GÊNERO": "Feminino",
    "RAÇA/COR": "Preto",
    "TELEFONE": 11960644091,
    "ESCOLARIDADE ": "Graduação Incompleta",
    "CASO ESTUDE, QUAL O NOME DA INSTITUIÇÃO DE ENSINO? ": "",
    "ENDEREÇO": "Rua São Paulo ",
    "NUMERO ": 253,
    "BAIRRO": "CENTRO",
    "CIDADE": "DIADEMA",
    "UF": "SP",
    "PAÍS": "BRASIL",
    "CEP": "09920260",
    "NO DIA DE INÍCIO DAS AULAS TRAZER CÓPIA: RG E CPF, COMPROVANTE DE RESIDÊNCIA E COMPROVANTE DE ESCOLARIDADE.": "Estou ciente da necessidade da entrega dos documentos citados acima para a finalização da matrícula",
    "Para entender melhor a necessidade dos nossos cursistas , gostariamos de saber de você: \nQual curso (que ainda NÃO temos), teria interesse em fazer neste Centro de Formação?": "Espanhol "
  },
  {
    "Carimbo de data/hora": "2025-02-25T17:40:53.161000",
    "Endereço de e-mail": "kauannyymatias@gmail.com",
    "CURSOS PRETENDIDOS ": "Turma 1 SEGUNDA FEIRA DAS 09:00h ÀS 10:00h",
    "NOME COMPLETO": "kauanny matias da silva",
    "MATRICULA": "",
    "IDADE ": 17,
    "GÊNERO": "Feminino",
    "RAÇA/COR": "Branco",
    "TELEFONE": 11954550153,
    "ESCOLARIDADE ": "Fundamental Incompleto",
    "CASO ESTUDE, QUAL O NOME DA INSTITUIÇÃO DE ENSINO? ": "Escola Estadual Antônio Branco Rodrigues Junior ",
    "ENDEREÇO": "travessa dos passaros ",
    "NUMERO ": 195,
    "BAIRRO": "PIRAPORINHA",
    "CIDADE": "DIADEMA",
    "UF": "SP",
    "PAÍS": "BRASIL",
    "CEP": "09950-695",
    "NO DIA DE INÍCIO DAS AULAS TRAZER CÓPIA: RG E CPF, COMPROVANTE DE RESIDÊNCIA E COMPROVANTE DE ESCOLARIDADE.": "Estou ciente da necessidade da entrega dos documentos citados acima para a finalização da matrícula",
    "Para entender melhor a necessidade dos nossos cursistas , gostariamos de saber de você: \nQual curso (que ainda NÃO temos), teria interesse em fazer neste Centro de Formação?": "informática "
  },
  {
    "Carimbo de data/hora": "2025-02-25T22:33:19.404000",
    "Endereço de e-mail": "michellysantoscosta452@gmail.com",
    "CURSOS PRETENDIDOS ": "Turma 1 SEGUNDA FEIRA DAS 09:00h ÀS 10:00h",
    "NOME COMPLETO": "Michelly Santos Costa ",
    "MATRICULA": "ok",
    "IDADE ": 16,
    "GÊNERO": "Feminino",
    "RAÇA/COR": "Pardo",
    "TELEFONE": 11972386749,
    "ESCOLARIDADE ": "Cursando ensino médio ",
    "CASO ESTUDE, QUAL O NOME DA INSTITUIÇÃO DE ENSINO? ": "Origenes lessa",
    "ENDEREÇO": "Rua da ocupação ",
    "NUMERO ": 452,
    "BAIRRO": "CASA GRANDE",
    "CIDADE": "DIADEMA",
    "UF": "SP",
    "PAÍS": "BRASIL",
    "CEP": "09962-200",
    "NO DIA DE INÍCIO DAS AULAS TRAZER CÓPIA: RG E CPF, COMPROVANTE DE RESIDÊNCIA E COMPROVANTE DE ESCOLARIDADE.": "Estou ciente da necessidade da entrega dos documentos citados acima para a finalização da matrícula",
    "Para entender melhor a necessidade dos nossos cursistas , gostariamos de saber de você: \nQual curso (que ainda NÃO temos), teria interesse em fazer neste Centro de Formação?": "Italiano "
  },
  {
    "Carimbo de data/hora": "2025-02-26T08:52:14.077000",
    "Endereço de e-mail": "anamariasantos.02041965@gmail.com",
    "CURSOS PRETENDIDOS ": "Turma 1 SEGUNDA FEIRA DAS 09:00h ÀS 10:00h",
    "NOME COMPLETO": "Ana Maria da Silva Santos ",
    "MATRICULA": "FALTA COMPROVANTE DE RESISDENCIA ",
    "IDADE ": 59,
    "GÊNERO": "Feminino",
    "RAÇA/COR": "Branco",
    "TELEFONE": 11998561774,
    "ESCOLARIDADE ": "Graduação Completa",
    "CASO ESTUDE, QUAL O NOME DA INSTITUIÇÃO DE ENSINO? ": "",
    "ENDEREÇO": "Rua Angra dos Reis ",
    "NUMERO ": 135,
    "BAIRRO": "CENTRO",
    "CIDADE": "DIADEMA",
    "UF": "SP",
    "PAÍS": "BRASIL",
    "CEP": "09910-330 ",
    "NO DIA DE INÍCIO DAS AULAS TRAZER CÓPIA: RG E CPF, COMPROVANTE DE RESIDÊNCIA E COMPROVANTE DE ESCOLARIDADE.": "Estou ciente da necessidade da entrega dos documentos citados acima para a finalização da matrícula",
    "Para entender melhor a necessidade dos nossos cursistas , gostariamos de saber de você: \nQual curso (que ainda NÃO temos), teria interesse em fazer neste Centro de Formação?": "Francês "
  },
  {
    "Carimbo de data/hora": "2025-02-26T09:44:35.690000",
    "Endereço de e-mail": "silvanacaetano2008@gmail.com",
    "CURSOS PRETENDIDOS ": "Turma 1 SEGUNDA FEIRA DAS 09:00h ÀS 10:00h",
    "NOME COMPLETO": "Silvana Ferreira Caetano ",
    "MATRICULA": "ok",
    "IDADE ": 55,
    "GÊNERO": "Feminino",
    "RAÇA/COR": "Pardo",
    "TELEFONE": "11-99729-5518",
    "ESCOLARIDADE ": "Graduação Completa",
    "CASO ESTUDE, QUAL O NOME DA INSTITUIÇÃO DE ENSINO? ": "",
    "ENDEREÇO": "Av. Fábio Eduardo Ramos Esquivel",
    "NUMERO ": "2900 - apto 124 - bloco 1",
    "BAIRRO": "CANHEMA",
    "CIDADE": "DIADEMA",
    "UF": "SP",
    "PAÍS": "BRASIL",
    "CEP": "09941-202",
    "NO DIA DE INÍCIO DAS AULAS TRAZER CÓPIA: RG E CPF, COMPROVANTE DE RESIDÊNCIA E COMPROVANTE DE ESCOLARIDADE.": "Estou ciente da necessidade da entrega dos documentos citados acima para a finalização da matrícula",
    "Para entender melhor a necessidade dos nossos cursistas , gostariamos de saber de você: \nQual curso (que ainda NÃO temos), teria interesse em fazer neste Centro de Formação?": "Não sei"
  },
  {
    "Carimbo de data/hora": "2025-02-26T10:14:45.535000",
    "Endereço de e-mail": "carolinaegilberto@gmail.com",
    "CURSOS PRETENDIDOS ": "Turma 1 SEGUNDA FEIRA DAS 09:00h ÀS 10:00h",
    "NOME COMPLETO": "Carolina Aparecida Araújo dos Santos ",
    "MATRICULA": "",
    "IDADE ": 38,
    "GÊNERO": "Feminino",
    "RAÇA/COR": "Preto",
    "TELEFONE": 11968823913,
    "ESCOLARIDADE ": "Graduação Completa",
    "CASO ESTUDE, QUAL O NOME DA INSTITUIÇÃO DE ENSINO? ": "",
    "ENDEREÇO": "Avenida prestes maia ",
    "NUMERO ": 2034,
    "BAIRRO": "TABOÃO",
    "CIDADE": "DIADEMA",
    "UF": "SP",
    "PAÍS": "BRASIL",
    "CEP": "09930-270",
    "NO DIA DE INÍCIO DAS AULAS TRAZER CÓPIA: RG E CPF, COMPROVANTE DE RESIDÊNCIA E COMPROVANTE DE ESCOLARIDADE.": "Estou ciente da necessidade da entrega dos documentos citados acima para a finalização da matrícula",
    "Para entender melhor a necessidade dos nossos cursistas , gostariamos de saber de você: \nQual curso (que ainda NÃO temos), teria interesse em fazer neste Centro de Formação?": "Excel "
  },
  {
    "Carimbo de data/hora": "2025-03-02T04:50:51.953000",
    "Endereço de e-mail": "thalitathalita349@gmail.com",
    "CURSOS PRETENDIDOS ": "Turma 1 SEGUNDA FEIRA DAS 09:00h ÀS 10:00h",
    "NOME COMPLETO": "Thalita Da Silva Menezes ",
    "MATRICULA": "",
    "IDADE ": 16,
    "GÊNERO": "Feminino",
    "RAÇA/COR": "Pardo",
    "TELEFONE": "11 98758-6654 ",
    "ESCOLARIDADE ": "Ensino Médio Incompleto",
    "CASO ESTUDE, QUAL O NOME DA INSTITUIÇÃO DE ENSINO? ": "Pei Gregório deputado bezerra ",
    "ENDEREÇO": "Rua sitha ",
    "NUMERO ": 573,
    "BAIRRO": "INAMAR",
    "CIDADE": "DIADEMA",
    "UF": "SP",
    "PAÍS": "BRASIL",
    "CEP": "09981-070 ",
    "NO DIA DE INÍCIO DAS AULAS TRAZER CÓPIA: RG E CPF, COMPROVANTE DE RESIDÊNCIA E COMPROVANTE DE ESCOLARIDADE.": "Estou ciente da necessidade da entrega dos documentos citados acima para a finalização da matrícula",
    "Para entender melhor a necessidade dos nossos cursistas , gostariamos de saber de você: \nQual curso (que ainda NÃO temos), teria interesse em fazer neste Centro de Formação?": "Espanhol mas em outro horário pleaseeee"
  },
  {
    "Carimbo de data/hora": "2025-02-26T10:24:59.347000",
    "Endereço de e-mail": "beatrizalvesvieiraana@gmail.com",
    "CURSOS PRETENDIDOS ": "Turma 1 SEGUNDA FEIRA DAS 09:00h ÀS 10:00h",
    "NOME COMPLETO": "Beatriz alves ",
    "MATRICULA": "",
    "IDADE ": 16,
    "GÊNERO": "Feminino",
    "RAÇA/COR": "Pardo",
    "TELEFONE": 11986380398,
    "ESCOLARIDADE ": "Fundamental Completo",
    "CASO ESTUDE, QUAL O NOME DA INSTITUIÇÃO DE ENSINO? ": "Origens lessa ",
    "ENDEREÇO": "Avenida casa grande",
    "NUMERO ": 1710,
    "BAIRRO": "CASA GRANDE",
    "CIDADE": "DIADEMA",
    "UF": "SP",
    "PAÍS": "BRASIL",
    "CEP": "09961350",
    "NO DIA DE INÍCIO DAS AULAS TRAZER CÓPIA: RG E CPF, COMPROVANTE DE RESIDÊNCIA E COMPROVANTE DE ESCOLARIDADE.": "Estou ciente da necessidade da entrega dos documentos citados acima para a finalização da matrícula",
    "Para entender melhor a necessidade dos nossos cursistas , gostariamos de saber de você: \nQual curso (que ainda NÃO temos), teria interesse em fazer neste Centro de Formação?": "Curso de moda "
  },
  {
    "Carimbo de data/hora": "2025-02-26T12:24:29.689000",
    "Endereço de e-mail": "juliaaalves777@gmail.com",
    "CURSOS PRETENDIDOS ": "Turma 1 SEGUNDA FEIRA DAS 09:00h ÀS 10:00h",
    "NOME COMPLETO": "julia Alves Câmara ",
    "MATRICULA": "",
    "IDADE ": 16,
    "GÊNERO": "Feminino",
    "RAÇA/COR": "Pardo",
    "TELEFONE": 11912902464,
    "ESCOLARIDADE ": "Ensino Médio Incompleto",
    "CASO ESTUDE, QUAL O NOME DA INSTITUIÇÃO DE ENSINO? ": "Amadeu Odorico de Souza ",
    "ENDEREÇO": "travessa da saúde ",
    "NUMERO ": 180,
    "BAIRRO": "ELDORADO",
    "CIDADE": "DIADEMA",
    "UF": "SP",
    "PAÍS": "BRASIL",
    "CEP": "04476290",
    "NO DIA DE INÍCIO DAS AULAS TRAZER CÓPIA: RG E CPF, COMPROVANTE DE RESIDÊNCIA E COMPROVANTE DE ESCOLARIDADE.": "Estou ciente da necessidade da entrega dos documentos citados acima para a finalização da matrícula",
    "Para entender melhor a necessidade dos nossos cursistas , gostariamos de saber de você: \nQual curso (que ainda NÃO temos), teria interesse em fazer neste Centro de Formação?": "adm"
  },
  {
    "Carimbo de data/hora": "2025-02-26T12:30:55.581000",
    "Endereço de e-mail": "cads.san@gmail.com",
    "CURSOS PRETENDIDOS ": "Turma 1 SEGUNDA FEIRA DAS 09:00h ÀS 10:00h",
    "NOME COMPLETO": "Ana Clara da Silva Santos ",
    "MATRICULA": "ok",
    "IDADE ": 14,
    "GÊNERO": "Feminino",
    "RAÇA/COR": "Branco",
    "TELEFONE": 11989219581,
    "ESCOLARIDADE ": "Fundamental Incompleto",
    "CASO ESTUDE, QUAL O NOME DA INSTITUIÇÃO DE ENSINO? ": "E E João Carlos ",
    "ENDEREÇO": "Travessa São Silvestre",
    "NUMERO ": 81,
    "BAIRRO": "CASA GRANDE",
    "CIDADE": "DIADEMA",
    "UF": "SP",
    "PAÍS": "BRASIL",
    "CEP": "09962400",
    "NO DIA DE INÍCIO DAS AULAS TRAZER CÓPIA: RG E CPF, COMPROVANTE DE RESIDÊNCIA E COMPROVANTE DE ESCOLARIDADE.": "Estou ciente da necessidade da entrega dos documentos citados acima para a finalização da matrícula",
    "Para entender melhor a necessidade dos nossos cursistas , gostariamos de saber de você: \nQual curso (que ainda NÃO temos), teria interesse em fazer neste Centro de Formação?": "Não "
  },
  {
    "Carimbo de data/hora": "ok",
    "Endereço de e-mail": "ydoohz@gmail.com",
    "CURSOS PRETENDIDOS ": "Turma 1 SEGUNDA FEIRA DAS 09:00h ÀS 10:00h",
    "NOME COMPLETO": "maria eduarda oliveira de souza ",
    "MATRICULA": "ok",
    "IDADE ": "15 anos ",
    "GÊNERO": "Feminino",
    "RAÇA/COR": "Branco",
    "TELEFONE": 11967341052,
    "ESCOLARIDADE ": "Ensino Médio Incompleto",
    "CASO ESTUDE, QUAL O NOME DA INSTITUIÇÃO DE ENSINO? ": "joão ramalho ",
    "ENDEREÇO": "sônia maria ",
    "NUMERO ": 142,
    "BAIRRO": "SERRARIA",
    "CIDADE": "DIADEMA",
    "UF": "SP",
    "PAÍS": "BRASIL",
    "CEP": "09980460",
    "NO DIA DE INÍCIO DAS AULAS TRAZER CÓPIA: RG E CPF, COMPROVANTE DE RESIDÊNCIA E COMPROVANTE DE ESCOLARIDADE.": "Estou ciente da necessidade da entrega dos documentos citados acima para a finalização da matrícula",
    "Para entender melhor a necessidade dos nossos cursistas , gostariamos de saber de você: \nQual curso (que ainda NÃO temos), teria interesse em fazer neste Centro de Formação?": "informática "
  },
  {
    "Carimbo de data/hora": "2025-02-26T12:34:34.800000",
    "Endereço de e-mail": "resantos.lyra@gmail.com",
    "CURSOS PRETENDIDOS ": "Turma 1 SEGUNDA FEIRA DAS 09:00h ÀS 10:00h",
    "NOME COMPLETO": "Miguel Wellington Palmeira Lira ",
    "MATRICULA": "",
    "IDADE ": 16,
    "GÊNERO": "Masculino",
    "RAÇA/COR": "Branco",
    "TELEFONE": 11954214975,
    "ESCOLARIDADE ": "Ensino Médio Incompleto",
    "CASO ESTUDE, QUAL O NOME DA INSTITUIÇÃO DE ENSINO? ": "Prof. Riolando Canno",
    "ENDEREÇO": "Rua Guaraci ",
    "NUMERO ": 38,
    "BAIRRO": "CONCEIÇÃO",
    "CIDADE": "DIADEMA",
    "UF": "SP",
    "PAÍS": "BRASIL",
    "CEP": "09991-080 ",
    "NO DIA DE INÍCIO DAS AULAS TRAZER CÓPIA: RG E CPF, COMPROVANTE DE RESIDÊNCIA E COMPROVANTE DE ESCOLARIDADE.": "Estou ciente da necessidade da entrega dos documentos citados acima para a finalização da matrícula",
    "Para entender melhor a necessidade dos nossos cursistas , gostariamos de saber de você: \nQual curso (que ainda NÃO temos), teria interesse em fazer neste Centro de Formação?": "Mkt digital"
  },
  {
    "Carimbo de data/hora": "2025-02-26T13:19:54.067000",
    "Endereço de e-mail": "tati.lima.thay.25@gmail.com",
    "CURSOS PRETENDIDOS ": "Turma 1 SEGUNDA FEIRA DAS 09:00h ÀS 10:00h",
    "NOME COMPLETO": "Thayná Lima França ",
    "MATRICULA": "",
    "IDADE ": 14,
    "GÊNERO": "Feminino",
    "RAÇA/COR": "Branco",
    "TELEFONE": 11962424817,
    "ESCOLARIDADE ": "Fundamental Completo",
    "CASO ESTUDE, QUAL O NOME DA INSTITUIÇÃO DE ENSINO? ": "João Ramalho ",
    "ENDEREÇO": "Rua frank Sinatra ",
    "NUMERO ": 63,
    "BAIRRO": "CONCEIÇÃO",
    "CIDADE": "DIADEMA",
    "UF": "SP",
    "PAÍS": "BRASIL",
    "CEP": "09992030",
    "NO DIA DE INÍCIO DAS AULAS TRAZER CÓPIA: RG E CPF, COMPROVANTE DE RESIDÊNCIA E COMPROVANTE DE ESCOLARIDADE.": "Estou ciente da necessidade da entrega dos documentos citados acima para a finalização da matrícula",
    "Para entender melhor a necessidade dos nossos cursistas , gostariamos de saber de você: \nQual curso (que ainda NÃO temos), teria interesse em fazer neste Centro de Formação?": "Jovem aprendiz e informática "
  },
  {
    "Carimbo de data/hora": "2025-02-26T14:52:05.583000",
    "Endereço de e-mail": "renata.evan.carmo@gmail.com",
    "CURSOS PRETENDIDOS ": "Turma 1 SEGUNDA FEIRA DAS 09:00h ÀS 10:00h",
    "NOME COMPLETO": "Gabriela Evangelista de Souza ",
    "MATRICULA": "trazer termo ass pelos pais",
    "IDADE ": 16,
    "GÊNERO": "Feminino",
    "RAÇA/COR": "Branco",
    "TELEFONE": 11984361368,
    "ESCOLARIDADE ": "Ensino Médio Incompleto",
    "CASO ESTUDE, QUAL O NOME DA INSTITUIÇÃO DE ENSINO? ": "Arco íris ",
    "ENDEREÇO": "Rua pau do café ",
    "NUMERO ": 876,
    "BAIRRO": "CASA GRANDE",
    "CIDADE": "DIADEMA",
    "UF": "SP",
    "PAÍS": "BRASIL",
    "CEP": "09961040",
    "NO DIA DE INÍCIO DAS AULAS TRAZER CÓPIA: RG E CPF, COMPROVANTE DE RESIDÊNCIA E COMPROVANTE DE ESCOLARIDADE.": "Estou ciente da necessidade da entrega dos documentos citados acima para a finalização da matrícula",
    "Para entender melhor a necessidade dos nossos cursistas , gostariamos de saber de você: \nQual curso (que ainda NÃO temos), teria interesse em fazer neste Centro de Formação?": "Libras"
  },
  {
    "Carimbo de data/hora": "2025-02-26T15:31:00.444000",
    "Endereço de e-mail": "lucineiaborges01@gmail.com",
    "CURSOS PRETENDIDOS ": "Turma 1 SEGUNDA FEIRA DAS 09:00h ÀS 10:00h",
    "NOME COMPLETO": "Gabriel Borges nunes",
    "MATRICULA": "ok",
    "IDADE ": 16,
    "GÊNERO": "Masculino",
    "RAÇA/COR": "Pardo",
    "TELEFONE": 11981796742,
    "ESCOLARIDADE ": "Ensino Médio Incompleto",
    "CASO ESTUDE, QUAL O NOME DA INSTITUIÇÃO DE ENSINO? ": "EEDiadema",
    "ENDEREÇO": "Rua.visconde do rio branco ",
    "NUMERO ": "47bloco bloco d14",
    "BAIRRO": "CENTRO",
    "CIDADE": "DIADEMA",
    "UF": "SP",
    "PAÍS": "BRASIL",
    "CEP": "09910-470",
    "NO DIA DE INÍCIO DAS AULAS TRAZER CÓPIA: RG E CPF, COMPROVANTE DE RESIDÊNCIA E COMPROVANTE DE ESCOLARIDADE.": "Estou ciente da necessidade da entrega dos documentos citados acima para a finalização da matrícula",
    "Para entender melhor a necessidade dos nossos cursistas , gostariamos de saber de você: \nQual curso (que ainda NÃO temos), teria interesse em fazer neste Centro de Formação?": "Informática "
  },
  {
    "Carimbo de data/hora": "2025-02-26T17:27:53.750000",
    "Endereço de e-mail": "leticiarocha2929@gmail.com",
    "CURSOS PRETENDIDOS ": "Turma 1 SEGUNDA FEIRA DAS 09:00h ÀS 10:00h",
    "NOME COMPLETO": "Letícia Rocha Pereira da Silva ",
    "MATRICULA": "falta termo e comp de endereço ",
    "IDADE ": "17 anos ",
    "GÊNERO": "Feminino",
    "RAÇA/COR": "Amarelo",
    "TELEFONE": 11953672372,
    "ESCOLARIDADE ": "Fundamental Completo",
    "CASO ESTUDE, QUAL O NOME DA INSTITUIÇÃO DE ENSINO? ": "JOÃO RAMALHO ",
    "ENDEREÇO": "Rua Mar Báltico\nCasa 2",
    "NUMERO ": 88,
    "BAIRRO": "ELDORADO",
    "CIDADE": "DIADEMA",
    "UF": "SP",
    "PAÍS": "BRASIL",
    "CEP": "09971380",
    "NO DIA DE INÍCIO DAS AULAS TRAZER CÓPIA: RG E CPF, COMPROVANTE DE RESIDÊNCIA E COMPROVANTE DE ESCOLARIDADE.": "Estou ciente da necessidade da entrega dos documentos citados acima para a finalização da matrícula",
    "Para entender melhor a necessidade dos nossos cursistas , gostariamos de saber de você: \nQual curso (que ainda NÃO temos), teria interesse em fazer neste Centro de Formação?": "Não sei exatamente se vocês tem ou não, porém eu gostaria bastante de fazer administração!!"
  },
  {
    "Carimbo de data/hora": "2025-02-26T22:44:50.714000",
    "Endereço de e-mail": "giovannajeniffercontato@gmail.com",
    "CURSOS PRETENDIDOS ": "Turma 1 SEGUNDA FEIRA DAS 09:00h ÀS 10:00h",
    "NOME COMPLETO": "Giovanna Jeniffer Pereira Uteich",
    "MATRICULA": "ok",
    "IDADE ": 18,
    "GÊNERO": "Feminino",
    "RAÇA/COR": "Branco",
    "TELEFONE": 11950820490,
    "ESCOLARIDADE ": "Ensino Médio Completo",
    "CASO ESTUDE, QUAL O NOME DA INSTITUIÇÃO DE ENSINO? ": "",
    "ENDEREÇO": "Rua Hideto Nishinaka",
    "NUMERO ": 20,
    "BAIRRO": "CONCEIÇÃO",
    "CIDADE": "DIADEMA",
    "UF": "SP",
    "PAÍS": "BRASIL",
    "CEP": "09911570",
    "NO DIA DE INÍCIO DAS AULAS TRAZER CÓPIA: RG E CPF, COMPROVANTE DE RESIDÊNCIA E COMPROVANTE DE ESCOLARIDADE.": "Estou ciente da necessidade da entrega dos documentos citados acima para a finalização da matrícula",
    "Para entender melhor a necessidade dos nossos cursistas , gostariamos de saber de você: \nQual curso (que ainda NÃO temos), teria interesse em fazer neste Centro de Formação?": "Libras"
  },
  {
    "Carimbo de data/hora": "2025-02-26T23:00:38.881000",
    "Endereço de e-mail": "ivanildepereira1000@gmail.com",
    "CURSOS PRETENDIDOS ": "Turma 1 SEGUNDA FEIRA DAS 09:00h ÀS 10:00h",
    "NOME COMPLETO": "Ivaniilde Pereira ",
    "MATRICULA": "ok",
    "IDADE ": 49,
    "GÊNERO": "Feminino",
    "RAÇA/COR": "Pardo",
    "TELEFONE": 11995653308,
    "ESCOLARIDADE ": "Ensino Médio Completo",
    "CASO ESTUDE, QUAL O NOME DA INSTITUIÇÃO DE ENSINO? ": "",
    "ENDEREÇO": "Rua hideto ",
    "NUMERO ": 20,
    "BAIRRO": "CENTRO",
    "CIDADE": "DIADEMA",
    "UF": "SP",
    "PAÍS": "BRASIL",
    "CEP": "09911-570",
    "NO DIA DE INÍCIO DAS AULAS TRAZER CÓPIA: RG E CPF, COMPROVANTE DE RESIDÊNCIA E COMPROVANTE DE ESCOLARIDADE.": "Estou ciente da necessidade da entrega dos documentos citados acima para a finalização da matrícula",
    "Para entender melhor a necessidade dos nossos cursistas , gostariamos de saber de você: \nQual curso (que ainda NÃO temos), teria interesse em fazer neste Centro de Formação?": "Curso de redação "
  },
  {
    "Carimbo de data/hora": "2025-02-26T23:44:39.303000",
    "Endereço de e-mail": "yaravivitoria34@gmail.com",
    "CURSOS PRETENDIDOS ": "Turma 1 SEGUNDA FEIRA DAS 09:00h ÀS 10:00h",
    "NOME COMPLETO": "Yara vitória de jesus morais ",
    "MATRICULA": "",
    "IDADE ": 16,
    "GÊNERO": "Feminino",
    "RAÇA/COR": "Branco",
    "TELEFONE": 11933349952,
    "ESCOLARIDADE ": "Fazendo o ensino médio ",
    "CASO ESTUDE, QUAL O NOME DA INSTITUIÇÃO DE ENSINO? ": "Simon Bolivar ",
    "ENDEREÇO": "Travessa da saúde ",
    "NUMERO ": 180,
    "BAIRRO": "ELDORADO",
    "CIDADE": "DIADEMA",
    "UF": "SP",
    "PAÍS": "BRASIL",
    "CEP": "04476290",
    "NO DIA DE INÍCIO DAS AULAS TRAZER CÓPIA: RG E CPF, COMPROVANTE DE RESIDÊNCIA E COMPROVANTE DE ESCOLARIDADE.": "Estou ciente da necessidade da entrega dos documentos citados acima para a finalização da matrícula",
    "Para entender melhor a necessidade dos nossos cursistas , gostariamos de saber de você: \nQual curso (que ainda NÃO temos), teria interesse em fazer neste Centro de Formação?": "Tecnologia "
  },
  {
    "Carimbo de data/hora": "2025-02-27T11:42:27.332000",
    "Endereço de e-mail": "anaclarafernandes.3029@gmail.com",
    "CURSOS PRETENDIDOS ": "Turma 1 SEGUNDA FEIRA DAS 09:00h ÀS 10:00h",
    "NOME COMPLETO": "Ana Clara Fernandes Teixeira ",
    "MATRICULA": "",
    "IDADE ": 17,
    "GÊNERO": "Feminino",
    "RAÇA/COR": "Preto",
    "TELEFONE": "11 913362605",
    "ESCOLARIDADE ": "Ensino Médio Incompleto",
    "CASO ESTUDE, QUAL O NOME DA INSTITUIÇÃO DE ENSINO? ": "Antonieta Borges Alves ",
    "ENDEREÇO": "Rua Altair ",
    "NUMERO ": 200,
    "BAIRRO": "INAMAR",
    "CIDADE": "DIADEMA",
    "UF": "SP",
    "PAÍS": "BRASIL",
    "CEP": "09970-270",
    "NO DIA DE INÍCIO DAS AULAS TRAZER CÓPIA: RG E CPF, COMPROVANTE DE RESIDÊNCIA E COMPROVANTE DE ESCOLARIDADE.": "Estou ciente da necessidade da entrega dos documentos citados acima para a finalização da matrícula",
    "Para entender melhor a necessidade dos nossos cursistas , gostariamos de saber de você: \nQual curso (que ainda NÃO temos), teria interesse em fazer neste Centro de Formação?": "Administração "
  },
  {
    "Carimbo de data/hora": "2025-02-27T12:00:02.883000",
    "Endereço de e-mail": "kbral_ley@hotmail.com",
    "CURSOS PRETENDIDOS ": "Turma 1 SEGUNDA FEIRA DAS 09:00h ÀS 10:00h",
    "NOME COMPLETO": "Weslley Santos cabral",
    "MATRICULA": "",
    "IDADE ": 36,
    "GÊNERO": "Masculino",
    "RAÇA/COR": "Pardo",
    "TELEFONE": 11972364296,
    "ESCOLARIDADE ": "Graduação Completa",
    "CASO ESTUDE, QUAL O NOME DA INSTITUIÇÃO DE ENSINO? ": "",
    "ENDEREÇO": "Rua regente Feijó ",
    "NUMERO ": 166,
    "BAIRRO": "CENTRO",
    "CIDADE": "DIADEMA",
    "UF": "SP",
    "PAÍS": "BRASIL",
    "CEP": "09910770",
    "NO DIA DE INÍCIO DAS AULAS TRAZER CÓPIA: RG E CPF, COMPROVANTE DE RESIDÊNCIA E COMPROVANTE DE ESCOLARIDADE.": "Estou ciente da necessidade da entrega dos documentos citados acima para a finalização da matrícula",
    "Para entender melhor a necessidade dos nossos cursistas , gostariamos de saber de você: \nQual curso (que ainda NÃO temos), teria interesse em fazer neste Centro de Formação?": "Francês "
  },
  {
    "Carimbo de data/hora": "2025-02-27T12:05:55.289000",
    "Endereço de e-mail": "renataleozinho01@gmail.com",
    "CURSOS PRETENDIDOS ": "Turma 1 SEGUNDA FEIRA DAS 09:00h ÀS 10:00h",
    "NOME COMPLETO": "Renata de Lima Fernandes ",
    "MATRICULA": "ok",
    "IDADE ": 34,
    "GÊNERO": "Feminino",
    "RAÇA/COR": "Pardo",
    "TELEFONE": 11952204684,
    "ESCOLARIDADE ": "Graduação Incompleta",
    "CASO ESTUDE, QUAL O NOME DA INSTITUIÇÃO DE ENSINO? ": "Anhanguera ",
    "ENDEREÇO": "Rua regente Feijó ",
    "NUMERO ": 166,
    "BAIRRO": "CENTRO",
    "CIDADE": "DIADEMA",
    "UF": "SP",
    "PAÍS": "BRASIL",
    "CEP": "09910770",
    "NO DIA DE INÍCIO DAS AULAS TRAZER CÓPIA: RG E CPF, COMPROVANTE DE RESIDÊNCIA E COMPROVANTE DE ESCOLARIDADE.": "Estou ciente da necessidade da entrega dos documentos citados acima para a finalização da matrícula",
    "Para entender melhor a necessidade dos nossos cursistas , gostariamos de saber de você: \nQual curso (que ainda NÃO temos), teria interesse em fazer neste Centro de Formação?": "Nenhum "
  },
  {
    "Carimbo de data/hora": "2025-02-27T12:09:40.321000",
    "Endereço de e-mail": "giovanna.oliveira647@gmail.com",
    "CURSOS PRETENDIDOS ": "Turma 1 SEGUNDA FEIRA DAS 09:00h ÀS 10:00h",
    "NOME COMPLETO": "Giovanna Oliveira de Andrade",
    "MATRICULA": "ok",
    "IDADE ": 17,
    "GÊNERO": "Feminino",
    "RAÇA/COR": "Branco",
    "TELEFONE": "11 94448-1033",
    "ESCOLARIDADE ": "Ensino Médio Incompleto",
    "CASO ESTUDE, QUAL O NOME DA INSTITUIÇÃO DE ENSINO? ": "Pei Riolando Canno",
    "ENDEREÇO": "Rua Dom Jorge Mascarenhas ",
    "NUMERO ": 50,
    "BAIRRO": "VILA NOGUEIRA",
    "CIDADE": "DIADEMA",
    "UF": "SP",
    "PAÍS": "BRASIL",
    "CEP": "09960 240",
    "NO DIA DE INÍCIO DAS AULAS TRAZER CÓPIA: RG E CPF, COMPROVANTE DE RESIDÊNCIA E COMPROVANTE DE ESCOLARIDADE.": "Estou ciente da necessidade da entrega dos documentos citados acima para a finalização da matrícula",
    "Para entender melhor a necessidade dos nossos cursistas , gostariamos de saber de você: \nQual curso (que ainda NÃO temos), teria interesse em fazer neste Centro de Formação?": "Curso de alemão "
  },
  {
    "Carimbo de data/hora": "2025-02-27T12:10:13.557000",
    "Endereço de e-mail": "juliaafernandesilva12@gmail.com",
    "CURSOS PRETENDIDOS ": "Turma 1 SEGUNDA FEIRA DAS 09:00h ÀS 10:00h",
    "NOME COMPLETO": "Julia da Silva fernandes ",
    "MATRICULA": "",
    "IDADE ": 16,
    "GÊNERO": "Feminino",
    "RAÇA/COR": "Pardo",
    "TELEFONE": 11958036788,
    "ESCOLARIDADE ": "Ensino Médio Incompleto",
    "CASO ESTUDE, QUAL O NOME DA INSTITUIÇÃO DE ENSINO? ": "Pei riolando canno ",
    "ENDEREÇO": "Rua jovercina paula de Oliveira ",
    "NUMERO ": 145,
    "BAIRRO": "SERRARIA",
    "CIDADE": "DIADEMA",
    "UF": "SP",
    "PAÍS": "BRASIL",
    "CEP": "09990-240",
    "NO DIA DE INÍCIO DAS AULAS TRAZER CÓPIA: RG E CPF, COMPROVANTE DE RESIDÊNCIA E COMPROVANTE DE ESCOLARIDADE.": "Estou ciente da necessidade da entrega dos documentos citados acima para a finalização da matrícula",
    "Para entender melhor a necessidade dos nossos cursistas , gostariamos de saber de você: \nQual curso (que ainda NÃO temos), teria interesse em fazer neste Centro de Formação?": "Informatica "
  },
  {
    "Carimbo de data/hora": "2025-02-27T12:39:42.155000",
    "Endereço de e-mail": "julia.30.souza2009@gmail.com",
    "CURSOS PRETENDIDOS ": "Turma 1 SEGUNDA FEIRA DAS 09:00h ÀS 10:00h",
    "NOME COMPLETO": "Julia Vieira de Souza ",
    "MATRICULA": "ok",
    "IDADE ": 15,
    "GÊNERO": "Feminino",
    "RAÇA/COR": "Branco",
    "TELEFONE": 11993838686,
    "ESCOLARIDADE ": "Ensino Médio Incompleto",
    "CASO ESTUDE, QUAL O NOME DA INSTITUIÇÃO DE ENSINO? ": "Escola Estadual João Ramalho ",
    "ENDEREÇO": "Rua Arthur Sampaio Moreira ",
    "NUMERO ": 170,
    "BAIRRO": "CENTRO",
    "CIDADE": "DIADEMA",
    "UF": "SP",
    "PAÍS": "BRASIL",
    "CEP": "09911010",
    "NO DIA DE INÍCIO DAS AULAS TRAZER CÓPIA: RG E CPF, COMPROVANTE DE RESIDÊNCIA E COMPROVANTE DE ESCOLARIDADE.": "Estou ciente da necessidade da entrega dos documentos citados acima para a finalização da matrícula",
    "Para entender melhor a necessidade dos nossos cursistas , gostariamos de saber de você: \nQual curso (que ainda NÃO temos), teria interesse em fazer neste Centro de Formação?": "Programação "
  },
  {
    "Carimbo de data/hora": "2025-02-27T13:58:08.368000",
    "Endereço de e-mail": "leandrasouzadosantos07964@gmail.com",
    "CURSOS PRETENDIDOS ": "Turma 1 SEGUNDA FEIRA DAS 09:00h ÀS 10:00h",
    "NOME COMPLETO": "Leandra Souza dos Santos ",
    "MATRICULA": "trazer documentos ",
    "IDADE ": 49,
    "GÊNERO": "Feminino",
    "RAÇA/COR": "Preto",
    "TELEFONE": "(11) 98691-6176",
    "ESCOLARIDADE ": "Graduação Completa",
    "CASO ESTUDE, QUAL O NOME DA INSTITUIÇÃO DE ENSINO? ": "",
    "ENDEREÇO": "Rua: Aramaçã ",
    "NUMERO ": 34,
    "BAIRRO": "ELDORADO",
    "CIDADE": "DIADEMA",
    "UF": "SP",
    "PAÍS": "BRASIL",
    "CEP": "09972100",
    "NO DIA DE INÍCIO DAS AULAS TRAZER CÓPIA: RG E CPF, COMPROVANTE DE RESIDÊNCIA E COMPROVANTE DE ESCOLARIDADE.": "Estou ciente da necessidade da entrega dos documentos citados acima para a finalização da matrícula",
    "Para entender melhor a necessidade dos nossos cursistas , gostariamos de saber de você: \nQual curso (que ainda NÃO temos), teria interesse em fazer neste Centro de Formação?": "Libras"
  },
  {
    "Carimbo de data/hora": "2025-02-27T14:08:53.010000",
    "Endereço de e-mail": "guimaraesjulia444@gmail.com",
    "CURSOS PRETENDIDOS ": "Turma 1 SEGUNDA FEIRA DAS 09:00h ÀS 10:00h",
    "NOME COMPLETO": "Julia Guimarães da Silva",
    "MATRICULA": "ok",
    "IDADE ": 15,
    "GÊNERO": "Feminino",
    "RAÇA/COR": "Branco",
    "TELEFONE": 11989604207,
    "ESCOLARIDADE ": "Ensino Médio Incompleto",
    "CASO ESTUDE, QUAL O NOME DA INSTITUIÇÃO DE ENSINO? ": "E.E Ana Consuelo Garcia Peres Murad ",
    "ENDEREÇO": "Rua Panamá 161 (Vila Santa Luzia)",
    "NUMERO ": 161,
    "BAIRRO": "CANHEMA",
    "CIDADE": "DIADEMA",
    "UF": "SP",
    "PAÍS": "BRASIL",
    "CEP": "09921370",
    "NO DIA DE INÍCIO DAS AULAS TRAZER CÓPIA: RG E CPF, COMPROVANTE DE RESIDÊNCIA E COMPROVANTE DE ESCOLARIDADE.": "Estou ciente da necessidade da entrega dos documentos citados acima para a finalização da matrícula",
    "Para entender melhor a necessidade dos nossos cursistas , gostariamos de saber de você: \nQual curso (que ainda NÃO temos), teria interesse em fazer neste Centro de Formação?": "Nenhum, já tem os que quero fazer"
  },
  {
    "Carimbo de data/hora": "2025-02-27T14:49:14.599000",
    "Endereço de e-mail": "mse.ma.diadema@gmail.com",
    "CURSOS PRETENDIDOS ": "Turma 1 SEGUNDA FEIRA DAS 09:00h ÀS 10:00h",
    "NOME COMPLETO": "Iago Ferreira da Silva",
    "MATRICULA": "",
    "IDADE ": 18,
    "GÊNERO": "Masculino",
    "RAÇA/COR": "Branco",
    "TELEFONE": "11 98953-9685",
    "ESCOLARIDADE ": "Ensino Médio Incompleto",
    "CASO ESTUDE, QUAL O NOME DA INSTITUIÇÃO DE ENSINO? ": "EE Prof Lydes Rachel Gutierres",
    "ENDEREÇO": "Rua Serra de Baturité  ",
    "NUMERO ": "n°185",
    "BAIRRO": "CAMPANÁRIO",
    "CIDADE": "DIADEMA",
    "UF": "SP",
    "PAÍS": "BRASIL",
    "CEP": "09930-730",
    "NO DIA DE INÍCIO DAS AULAS TRAZER CÓPIA: RG E CPF, COMPROVANTE DE RESIDÊNCIA E COMPROVANTE DE ESCOLARIDADE.": "Estou ciente da necessidade da entrega dos documentos citados acima para a finalização da matrícula",
    "Para entender melhor a necessidade dos nossos cursistas , gostariamos de saber de você: \nQual curso (que ainda NÃO temos), teria interesse em fazer neste Centro de Formação?": "Cabelereiro "
  },
  {
    "Carimbo de data/hora": "2025-02-27T14:59:15.348000",
    "Endereço de e-mail": "brunaegeovannag@gmail.com",
    "CURSOS PRETENDIDOS ": "Turma 1 SEGUNDA FEIRA DAS 09:00h ÀS 10:00h",
    "NOME COMPLETO": "Geovanna Carvalho do Nascimento",
    "MATRICULA": "",
    "IDADE ": "15 anos",
    "GÊNERO": "Feminino",
    "RAÇA/COR": "Pardo",
    "TELEFONE": "+55 11 91201-5181",
    "ESCOLARIDADE ": "Fundamental Incompleto",
    "CASO ESTUDE, QUAL O NOME DA INSTITUIÇÃO DE ENSINO? ": "Emeb Luiz Gonzaga",
    "ENDEREÇO": "Rua pintassilgo ",
    "NUMERO ": 138,
    "BAIRRO": "CAMPANÁRIO",
    "CIDADE": "DIADEMA",
    "UF": "SP",
    "PAÍS": "BRASIL",
    "CEP": "09931560",
    "NO DIA DE INÍCIO DAS AULAS TRAZER CÓPIA: RG E CPF, COMPROVANTE DE RESIDÊNCIA E COMPROVANTE DE ESCOLARIDADE.": "Estou ciente da necessidade da entrega dos documentos citados acima para a finalização da matrícula",
    "Para entender melhor a necessidade dos nossos cursistas , gostariamos de saber de você: \nQual curso (que ainda NÃO temos), teria interesse em fazer neste Centro de Formação?": "Cílios "
  },
  {
    "Carimbo de data/hora": "2025-02-27T15:01:34.581000",
    "Endereço de e-mail": "rmelissadossantos@gmail.com",
    "CURSOS PRETENDIDOS ": "Turma 1 SEGUNDA FEIRA DAS 09:00h ÀS 10:00h",
    "NOME COMPLETO": "Rhayla Melissa Vieira dos Santos ",
    "MATRICULA": "ok",
    "IDADE ": "17 anos.",
    "GÊNERO": "Feminino",
    "RAÇA/COR": "Pardo",
    "TELEFONE": "11 96345-4096",
    "ESCOLARIDADE ": "Ensino Médio Incompleto",
    "CASO ESTUDE, QUAL O NOME DA INSTITUIÇÃO DE ENSINO? ": "E.E. General José Artigas ",
    "ENDEREÇO": "Passagem Fernando Pessoa ",
    "NUMERO ": 21,
    "BAIRRO": "PIRAPORINHA",
    "CIDADE": "DIADEMA",
    "UF": "SP",
    "PAÍS": "BRASIL",
    "CEP": "09950-750 ",
    "NO DIA DE INÍCIO DAS AULAS TRAZER CÓPIA: RG E CPF, COMPROVANTE DE RESIDÊNCIA E COMPROVANTE DE ESCOLARIDADE.": "Estou ciente da necessidade da entrega dos documentos citados acima para a finalização da matrícula",
    "Para entender melhor a necessidade dos nossos cursistas , gostariamos de saber de você: \nQual curso (que ainda NÃO temos), teria interesse em fazer neste Centro de Formação?": "Artesanato ou TI."
  },
  {
    "Carimbo de data/hora": "2025-02-27T15:14:00.073000",
    "Endereço de e-mail": "cleusa99353@gmail.com",
    "CURSOS PRETENDIDOS ": "Turma 1 SEGUNDA FEIRA DAS 09:00h ÀS 10:00h",
    "NOME COMPLETO": "Pedro Henrique Amorim Dornelas ",
    "MATRICULA": "",
    "IDADE ": 14,
    "GÊNERO": "Masculino",
    "RAÇA/COR": "Pardo",
    "TELEFONE": "11 99353-6766 ",
    "ESCOLARIDADE ": "Cursando fundamental ",
    "CASO ESTUDE, QUAL O NOME DA INSTITUIÇÃO DE ENSINO? ": "Castro alves ",
    "ENDEREÇO": "Rua Sol Nascente ",
    "NUMERO ": 271,
    "BAIRRO": "PIRAPORINHA",
    "CIDADE": "DIADEMA",
    "UF": "SP",
    "PAÍS": "BRASIL",
    "CEP": "09951-485 ",
    "NO DIA DE INÍCIO DAS AULAS TRAZER CÓPIA: RG E CPF, COMPROVANTE DE RESIDÊNCIA E COMPROVANTE DE ESCOLARIDADE.": "Estou ciente da necessidade da entrega dos documentos citados acima para a finalização da matrícula",
    "Para entender melhor a necessidade dos nossos cursistas , gostariamos de saber de você: \nQual curso (que ainda NÃO temos), teria interesse em fazer neste Centro de Formação?": "Italiano "
  },
  {
    "Carimbo de data/hora": "2025-02-27T15:22:22.888000",
    "Endereço de e-mail": "tatiane.ap.vieira.souza@gmail.com",
    "CURSOS PRETENDIDOS ": "Turma 1 SEGUNDA FEIRA DAS 09:00h ÀS 10:00h",
    "NOME COMPLETO": "Beatriz Vieira de Souza ",
    "MATRICULA": "ok",
    "IDADE ": 13,
    "GÊNERO": "Feminino",
    "RAÇA/COR": "Branco",
    "TELEFONE": 11965398499,
    "ESCOLARIDADE ": "Fundamental Incompleto",
    "CASO ESTUDE, QUAL O NOME DA INSTITUIÇÃO DE ENSINO? ": "EE José Marcato",
    "ENDEREÇO": "Rua visc. De Itaboraí ",
    "NUMERO ": 235,
    "BAIRRO": "CENTRO",
    "CIDADE": "DIADEMA",
    "UF": "SP",
    "PAÍS": "BRASIL",
    "CEP": "09910520",
    "NO DIA DE INÍCIO DAS AULAS TRAZER CÓPIA: RG E CPF, COMPROVANTE DE RESIDÊNCIA E COMPROVANTE DE ESCOLARIDADE.": "Estou ciente da necessidade da entrega dos documentos citados acima para a finalização da matrícula",
    "Para entender melhor a necessidade dos nossos cursistas , gostariamos de saber de você: \nQual curso (que ainda NÃO temos), teria interesse em fazer neste Centro de Formação?": "Informatica "
  },
  {
    "Carimbo de data/hora": "2025-02-27T16:35:16.277000",
    "Endereço de e-mail": "ricardobsants@gmail.com",
    "CURSOS PRETENDIDOS ": "Turma 1 SEGUNDA FEIRA DAS 09:00h ÀS 10:00h",
    "NOME COMPLETO": "Ricardo Bryan da Silva Santos ",
    "MATRICULA": "",
    "IDADE ": 16,
    "GÊNERO": "Masculino",
    "RAÇA/COR": "Preto",
    "TELEFONE": 11963169216,
    "ESCOLARIDADE ": "Ensino Médio Incompleto",
    "CASO ESTUDE, QUAL O NOME DA INSTITUIÇÃO DE ENSINO? ": "ETEC Lauro Gomes",
    "ENDEREÇO": "Travessa São Silvestre ",
    "NUMERO ": 81,
    "BAIRRO": "CASA GRANDE",
    "CIDADE": "DIADEMA",
    "UF": "SP",
    "PAÍS": "BRASIL",
    "CEP": "09962-400",
    "NO DIA DE INÍCIO DAS AULAS TRAZER CÓPIA: RG E CPF, COMPROVANTE DE RESIDÊNCIA E COMPROVANTE DE ESCOLARIDADE.": "Estou ciente da necessidade da entrega dos documentos citados acima para a finalização da matrícula",
    "Para entender melhor a necessidade dos nossos cursistas , gostariamos de saber de você: \nQual curso (que ainda NÃO temos), teria interesse em fazer neste Centro de Formação?": "algum técnico (não conheço muito bem, talvez informática?)"
  },
  {
    "Carimbo de data/hora": "2025-02-27T19:45:34.079000",
    "Endereço de e-mail": "sgilmaria85@gmail.com",
    "CURSOS PRETENDIDOS ": "Turma 1 SEGUNDA FEIRA DAS 09:00h ÀS 10:00h",
    "NOME COMPLETO": "Murillo oliveira de Moura ",
    "MATRICULA": "pendente declaração escolar ",
    "IDADE ": "16 anos ",
    "GÊNERO": "Masculino",
    "RAÇA/COR": "Pardo",
    "TELEFONE": 11979918345,
    "ESCOLARIDADE ": "Ensino Médio Incompleto",
    "CASO ESTUDE, QUAL O NOME DA INSTITUIÇÃO DE ENSINO? ": "E.E. Simon bolívar ",
    "ENDEREÇO": "Rua tatú 707",
    "NUMERO ": "Casa 24",
    "BAIRRO": "ELDORADO",
    "CIDADE": "DIADEMA",
    "UF": "SP",
    "PAÍS": "BRASIL",
    "CEP": "04476350",
    "NO DIA DE INÍCIO DAS AULAS TRAZER CÓPIA: RG E CPF, COMPROVANTE DE RESIDÊNCIA E COMPROVANTE DE ESCOLARIDADE.": "Estou ciente da necessidade da entrega dos documentos citados acima para a finalização da matrícula",
    "Para entender melhor a necessidade dos nossos cursistas , gostariamos de saber de você: \nQual curso (que ainda NÃO temos), teria interesse em fazer neste Centro de Formação?": "Espanhol "
  },
  {
    "Carimbo de data/hora": "2025-02-27T22:24:13.253000",
    "Endereço de e-mail": "marinaoutlook5676@gmail.com",
    "CURSOS PRETENDIDOS ": "Turma 1 SEGUNDA FEIRA DAS 09:00h ÀS 10:00h",
    "NOME COMPLETO": "Marinamsilva12345@gmail.com",
    "MATRICULA": "",
    "IDADE ": 19,
    "GÊNERO": "Feminino",
    "RAÇA/COR": "Preto",
    "TELEFONE": 11955959094,
    "ESCOLARIDADE ": "Ensino Médio Completo",
    "CASO ESTUDE, QUAL O NOME DA INSTITUIÇÃO DE ENSINO? ": "",
    "ENDEREÇO": "Rua rio nilo reis ",
    "NUMERO ": 32,
    "BAIRRO": "ELDORADO",
    "CIDADE": "DIADEMA",
    "UF": "SP",
    "PAÍS": "BRASIL",
    "CEP": "09971-765",
    "NO DIA DE INÍCIO DAS AULAS TRAZER CÓPIA: RG E CPF, COMPROVANTE DE RESIDÊNCIA E COMPROVANTE DE ESCOLARIDADE.": "Estou ciente da necessidade da entrega dos documentos citados acima para a finalização da matrícula",
    "Para entender melhor a necessidade dos nossos cursistas , gostariamos de saber de você: \nQual curso (que ainda NÃO temos), teria interesse em fazer neste Centro de Formação?": "Idioma, coreano"
  },
  {
    "Carimbo de data/hora": "2025-02-28T11:27:02.855000",
    "Endereço de e-mail": "kerenmendonca.silva@gmail.com",
    "CURSOS PRETENDIDOS ": "Turma 1 SEGUNDA FEIRA DAS 09:00h ÀS 10:00h",
    "NOME COMPLETO": "Kéren Mendonça da Silva ",
    "MATRICULA": "",
    "IDADE ": "17 anos",
    "GÊNERO": "Feminino",
    "RAÇA/COR": "Pardo",
    "TELEFONE": 11946153154,
    "ESCOLARIDADE ": "Ensino Médio Incompleto",
    "CASO ESTUDE, QUAL O NOME DA INSTITUIÇÃO DE ENSINO? ": "E.E Padre Anchieta ",
    "ENDEREÇO": "passagem paulista",
    "NUMERO ": 51,
    "BAIRRO": "PIRAPORINHA",
    "CIDADE": "DIADEMA",
    "UF": "SP",
    "PAÍS": "BRASIL",
    "CEP": "557.677.188-57 ",
    "NO DIA DE INÍCIO DAS AULAS TRAZER CÓPIA: RG E CPF, COMPROVANTE DE RESIDÊNCIA E COMPROVANTE DE ESCOLARIDADE.": "Estou ciente da necessidade da entrega dos documentos citados acima para a finalização da matrícula",
    "Para entender melhor a necessidade dos nossos cursistas , gostariamos de saber de você: \nQual curso (que ainda NÃO temos), teria interesse em fazer neste Centro de Formação?": "Libras"
  },
  {
    "Carimbo de data/hora": "2025-02-28T11:36:32.221000",
    "Endereço de e-mail": "ellen.rodrigues1107@gmail.com",
    "CURSOS PRETENDIDOS ": "Turma 1 SEGUNDA FEIRA DAS 09:00h ÀS 10:00h",
    "NOME COMPLETO": "Ellen Rodrigues de souza",
    "MATRICULA": "",
    "IDADE ": "16 anos ",
    "GÊNERO": "Feminino",
    "RAÇA/COR": "Pardo",
    "TELEFONE": 11972309395,
    "ESCOLARIDADE ": "Ensino Médio Incompleto",
    "CASO ESTUDE, QUAL O NOME DA INSTITUIÇÃO DE ENSINO? ": "José Fernando abbud",
    "ENDEREÇO": "Travessa juruna ",
    "NUMERO ": 108,
    "BAIRRO": "SERRARIA",
    "CIDADE": "DIADEMA",
    "UF": "SP",
    "PAÍS": "BRASIL",
    "CEP": "09980-710",
    "NO DIA DE INÍCIO DAS AULAS TRAZER CÓPIA: RG E CPF, COMPROVANTE DE RESIDÊNCIA E COMPROVANTE DE ESCOLARIDADE.": "Estou ciente da necessidade da entrega dos documentos citados acima para a finalização da matrícula",
    "Para entender melhor a necessidade dos nossos cursistas , gostariamos de saber de você: \nQual curso (que ainda NÃO temos), teria interesse em fazer neste Centro de Formação?": "Ti"
  },
  {
    "Carimbo de data/hora": "2025-02-28T11:57:26.701000",
    "Endereço de e-mail": "nataliasiilvagon11@gmail.com",
    "CURSOS PRETENDIDOS ": "Turma 1 SEGUNDA FEIRA DAS 09:00h ÀS 10:00h",
    "NOME COMPLETO": "Natália Gonçalves Santana da Silva ",
    "MATRICULA": "pendente declaração e atestado de matricula ",
    "IDADE ": 17,
    "GÊNERO": "Feminino",
    "RAÇA/COR": "Preto",
    "TELEFONE": 11961024448,
    "ESCOLARIDADE ": "Fundamental Completo",
    "CASO ESTUDE, QUAL O NOME DA INSTITUIÇÃO DE ENSINO? ": "Professor José Fernando Abbud ",
    "ENDEREÇO": "Passagem Galdino Ferreira ",
    "NUMERO ": 128,
    "BAIRRO": "INAMAR",
    "CIDADE": "DIADEMA",
    "UF": "SP",
    "PAÍS": "BRASIL",
    "CEP": "09974000",
    "NO DIA DE INÍCIO DAS AULAS TRAZER CÓPIA: RG E CPF, COMPROVANTE DE RESIDÊNCIA E COMPROVANTE DE ESCOLARIDADE.": "Estou ciente da necessidade da entrega dos documentos citados acima para a finalização da matrícula",
    "Para entender melhor a necessidade dos nossos cursistas , gostariamos de saber de você: \nQual curso (que ainda NÃO temos), teria interesse em fazer neste Centro de Formação?": "Tecnologia "
  },
  {
    "Carimbo de data/hora": "2025-02-28T11:59:52.190000",
    "Endereço de e-mail": "gustavosilvacamposs23@gmail.com",
    "CURSOS PRETENDIDOS ": "Turma 1 SEGUNDA FEIRA DAS 09:00h ÀS 10:00h",
    "NOME COMPLETO": "Gustavo Campos da Silva ",
    "MATRICULA": "pendente declaração ass pais ",
    "IDADE ": 17,
    "GÊNERO": "Masculino",
    "RAÇA/COR": "Preto",
    "TELEFONE": 11984364219,
    "ESCOLARIDADE ": "Fundamental Completo",
    "CASO ESTUDE, QUAL O NOME DA INSTITUIÇÃO DE ENSINO? ": "Professor José Fernando Abbud ",
    "ENDEREÇO": "Travessa ave do paraíso ",
    "NUMERO ": 80,
    "BAIRRO": "INAMAR",
    "CIDADE": "DIADEMA",
    "UF": "SP",
    "PAÍS": "BRASIL",
    "CEP": "09981-190",
    "NO DIA DE INÍCIO DAS AULAS TRAZER CÓPIA: RG E CPF, COMPROVANTE DE RESIDÊNCIA E COMPROVANTE DE ESCOLARIDADE.": "Estou ciente da necessidade da entrega dos documentos citados acima para a finalização da matrícula",
    "Para entender melhor a necessidade dos nossos cursistas , gostariamos de saber de você: \nQual curso (que ainda NÃO temos), teria interesse em fazer neste Centro de Formação?": "Italiano "
  },
  {
    "Carimbo de data/hora": "2025-02-28T13:57:09.883000",
    "Endereço de e-mail": "juuuhhhmendes@gmail.com",
    "CURSOS PRETENDIDOS ": "Turma 1 SEGUNDA FEIRA DAS 09:00h ÀS 10:00h",
    "NOME COMPLETO": "Julia Sousa Mendes ",
    "MATRICULA": "",
    "IDADE ": 16,
    "GÊNERO": "Feminino",
    "RAÇA/COR": "Preto",
    "TELEFONE": 11994608878,
    "ESCOLARIDADE ": "Ensino Médio Incompleto",
    "CASO ESTUDE, QUAL O NOME DA INSTITUIÇÃO DE ENSINO? ": "Vila socialista ",
    "ENDEREÇO": "Av Afonso monteiro da cruz ",
    "NUMERO ": 1778,
    "BAIRRO": "SERRARIA",
    "CIDADE": "DIADEMA",
    "UF": "SP",
    "PAÍS": "BRASIL",
    "CEP": "09980550",
    "NO DIA DE INÍCIO DAS AULAS TRAZER CÓPIA: RG E CPF, COMPROVANTE DE RESIDÊNCIA E COMPROVANTE DE ESCOLARIDADE.": "Estou ciente da necessidade da entrega dos documentos citados acima para a finalização da matrícula",
    "Para entender melhor a necessidade dos nossos cursistas , gostariamos de saber de você: \nQual curso (que ainda NÃO temos), teria interesse em fazer neste Centro de Formação?": "Desenvolvimento de sistemas "
  },
  {
    "Carimbo de data/hora": "2025-02-28T15:50:06.814000",
    "Endereço de e-mail": "carolfreitas160116@gmail.com",
    "CURSOS PRETENDIDOS ": "Turma 1 SEGUNDA FEIRA DAS 09:00h ÀS 10:00h",
    "NOME COMPLETO": "Caroline Victoria de Freitas Nascimento ",
    "MATRICULA": "falta declaraçao  e termo",
    "IDADE ": "17 anos",
    "GÊNERO": "Feminino",
    "RAÇA/COR": "Branco",
    "TELEFONE": 11948074991,
    "ESCOLARIDADE ": "cursando ensino medio ",
    "CASO ESTUDE, QUAL O NOME DA INSTITUIÇÃO DE ENSINO? ": "EE prof Jose Fernando Abbud",
    "ENDEREÇO": "avenida poeta francisco das chagas fonseca ",
    "NUMERO ": 196,
    "BAIRRO": "SERRARIA",
    "CIDADE": "DIADEMA",
    "UF": "SP",
    "PAÍS": "BRASIL",
    "CEP": "09980240",
    "NO DIA DE INÍCIO DAS AULAS TRAZER CÓPIA: RG E CPF, COMPROVANTE DE RESIDÊNCIA E COMPROVANTE DE ESCOLARIDADE.": "Estou ciente da necessidade da entrega dos documentos citados acima para a finalização da matrícula",
    "Para entender melhor a necessidade dos nossos cursistas , gostariamos de saber de você: \nQual curso (que ainda NÃO temos), teria interesse em fazer neste Centro de Formação?": "letramento científico "
  },
  {
    "Carimbo de data/hora": "2025-02-28T17:44:25.347000",
    "Endereço de e-mail": "sandratolove@gmail.com",
    "CURSOS PRETENDIDOS ": "Turma 1 SEGUNDA FEIRA DAS 09:00h ÀS 10:00h",
    "NOME COMPLETO": "Leandro correia silva ",
    "MATRICULA": "falta rg",
    "IDADE ": "19 anos",
    "GÊNERO": "Masculino",
    "RAÇA/COR": "Branco",
    "TELEFONE": 984873198,
    "ESCOLARIDADE ": "Ensino Médio Completo",
    "CASO ESTUDE, QUAL O NOME DA INSTITUIÇÃO DE ENSINO? ": "",
    "ENDEREÇO": "Rua silvio padovani ",
    "NUMERO ": 14,
    "BAIRRO": "CENTRO",
    "CIDADE": "DIADEMA",
    "UF": "SP",
    "PAÍS": "BRASIL",
    "CEP": "09912-020",
    "NO DIA DE INÍCIO DAS AULAS TRAZER CÓPIA: RG E CPF, COMPROVANTE DE RESIDÊNCIA E COMPROVANTE DE ESCOLARIDADE.": "Estou ciente da necessidade da entrega dos documentos citados acima para a finalização da matrícula",
    "Para entender melhor a necessidade dos nossos cursistas , gostariamos de saber de você: \nQual curso (que ainda NÃO temos), teria interesse em fazer neste Centro de Formação?": "Tecnologia "
  },
  {
    "Carimbo de data/hora": "2025-02-28T22:40:57.922000",
    "Endereço de e-mail": "vyvyane.cel@gmail.com",
    "CURSOS PRETENDIDOS ": "Turma 1 SEGUNDA FEIRA DAS 09:00h ÀS 10:00h",
    "NOME COMPLETO": "Viviane dos Santos Pereira",
    "MATRICULA": "",
    "IDADE ": 44,
    "GÊNERO": "Feminino",
    "RAÇA/COR": "Branco",
    "TELEFONE": 11960350558,
    "ESCOLARIDADE ": "Mestrado ",
    "CASO ESTUDE, QUAL O NOME DA INSTITUIÇÃO DE ENSINO? ": "",
    "ENDEREÇO": "Avenida 7 de setembro",
    "NUMERO ": 120,
    "BAIRRO": "CENTRO",
    "CIDADE": "DIADEMA",
    "UF": "SP",
    "PAÍS": "BRASIL",
    "CEP": "09912010",
    "NO DIA DE INÍCIO DAS AULAS TRAZER CÓPIA: RG E CPF, COMPROVANTE DE RESIDÊNCIA E COMPROVANTE DE ESCOLARIDADE.": "Estou ciente da necessidade da entrega dos documentos citados acima para a finalização da matrícula",
    "Para entender melhor a necessidade dos nossos cursistas , gostariamos de saber de você: \nQual curso (que ainda NÃO temos), teria interesse em fazer neste Centro de Formação?": "Inglês aos sábados "
  },
  {
    "Carimbo de data/hora": "2025-02-28T22:54:43.830000",
    "Endereço de e-mail": "faenacneusa@gmail.com",
    "CURSOS PRETENDIDOS ": "Turma 1 SEGUNDA FEIRA DAS 09:00h ÀS 10:00h",
    "NOME COMPLETO": "Neusa Dias dos Santos ",
    "MATRICULA": "",
    "IDADE ": 66,
    "GÊNERO": "Feminino",
    "RAÇA/COR": "Branco",
    "TELEFONE": 11966119306,
    "ESCOLARIDADE ": "Ensino Médio Completo",
    "CASO ESTUDE, QUAL O NOME DA INSTITUIÇÃO DE ENSINO? ": "",
    "ENDEREÇO": "Rua Berlin",
    "NUMERO ": 28,
    "BAIRRO": "TABOÃO",
    "CIDADE": "DIADEMA",
    "UF": "SP",
    "PAÍS": "BRASIL",
    "CEP": "09921-380",
    "NO DIA DE INÍCIO DAS AULAS TRAZER CÓPIA: RG E CPF, COMPROVANTE DE RESIDÊNCIA E COMPROVANTE DE ESCOLARIDADE.": "Estou ciente da necessidade da entrega dos documentos citados acima para a finalização da matrícula",
    "Para entender melhor a necessidade dos nossos cursistas , gostariamos de saber de você: \nQual curso (que ainda NÃO temos), teria interesse em fazer neste Centro de Formação?": "Informática "
  },
  {
    "Carimbo de data/hora": "2025-03-03T06:53:24.254000",
    "Endereço de e-mail": "qsdias2000@gmail.com",
    "CURSOS PRETENDIDOS ": "Turma 1 SEGUNDA FEIRA DAS 09:00h ÀS 10:00h",
    "NOME COMPLETO": "Quelle Silva dias",
    "MATRICULA": "",
    "IDADE ": 45,
    "GÊNERO": "Feminino",
    "RAÇA/COR": "Pardo",
    "TELEFONE": 11913596490,
    "ESCOLARIDADE ": "Ensino Médio Completo",
    "CASO ESTUDE, QUAL O NOME DA INSTITUIÇÃO DE ENSINO? ": "",
    "ENDEREÇO": "Rua Antônio Gonçalves Martins 36 ",
    "NUMERO ": 36,
    "BAIRRO": "CONCEIÇÃO",
    "CIDADE": "DIADEMA",
    "UF": "SP",
    "PAÍS": "BRASIL",
    "CEP": "04476090",
    "NO DIA DE INÍCIO DAS AULAS TRAZER CÓPIA: RG E CPF, COMPROVANTE DE RESIDÊNCIA E COMPROVANTE DE ESCOLARIDADE.": "Estou ciente da necessidade da entrega dos documentos citados acima para a finalização da matrícula",
    "Para entender melhor a necessidade dos nossos cursistas , gostariamos de saber de você: \nQual curso (que ainda NÃO temos), teria interesse em fazer neste Centro de Formação?": "Gestão de negócios "
  },
  {
    "Carimbo de data/hora": "2025-03-04T09:40:14.676000",
    "Endereço de e-mail": "alinealencar500@gmail.com",
    "CURSOS PRETENDIDOS ": "Turma 1 SEGUNDA FEIRA DAS 09:00h ÀS 10:00h",
    "NOME COMPLETO": "Aline de Alencar Luz ",
    "MATRICULA": "ok",
    "IDADE ": "17 anos ",
    "GÊNERO": "Feminino",
    "RAÇA/COR": "Preto",
    "TELEFONE": "(11)969578934",
    "ESCOLARIDADE ": "Ensino Médio Incompleto",
    "CASO ESTUDE, QUAL O NOME DA INSTITUIÇÃO DE ENSINO? ": "E.E João de Melo Macedo",
    "ENDEREÇO": "Rua Suíça ",
    "NUMERO ": 165,
    "BAIRRO": "TABOÃO",
    "CIDADE": "DIADEMA",
    "UF": "SP",
    "PAÍS": "BRASIL",
    "CEP": "09940280",
    "NO DIA DE INÍCIO DAS AULAS TRAZER CÓPIA: RG E CPF, COMPROVANTE DE RESIDÊNCIA E COMPROVANTE DE ESCOLARIDADE.": "Estou ciente da necessidade da entrega dos documentos citados acima para a finalização da matrícula",
    "Para entender melhor a necessidade dos nossos cursistas , gostariamos de saber de você: \nQual curso (que ainda NÃO temos), teria interesse em fazer neste Centro de Formação?": "Informática "
  },
  {
    "Carimbo de data/hora": "2025-03-06T12:16:23.303000",
    "Endereço de e-mail": "isasantosoliver2020@gmail.com",
    "CURSOS PRETENDIDOS ": "Turma 1 SEGUNDA FEIRA DAS 09:00h ÀS 10:00h",
    "NOME COMPLETO": "Isabelly Dos Santos Oliveira ",
    "MATRICULA": 16,
    "IDADE ": "Feminino",
    "GÊNERO": "Branco",
    "RAÇA/COR": "11 98467 1488 ",
    "TELEFONE": "Fundamental Completo",
    "ESCOLARIDADE ": "Fabio Eduardo Ramos Esquivel",
    "CASO ESTUDE, QUAL O NOME DA INSTITUIÇÃO DE ENSINO? ": "Av presidente Kennedy ",
    "ENDEREÇO": 412,
    "NUMERO ": "CENTRO",
    "BAIRRO": "DIADEMA",
    "CIDADE": "SP",
    "UF": "BRASIL",
    "PAÍS": "09913000",
    "CEP": "Estou ciente da necessidade da entrega dos documentos citados acima para a finalização da matrícula",
    "NO DIA DE INÍCIO DAS AULAS TRAZER CÓPIA: RG E CPF, COMPROVANTE DE RESIDÊNCIA E COMPROVANTE DE ESCOLARIDADE.": "administração ",
    "Para entender melhor a necessidade dos nossos cursistas , gostariamos de saber de você: \nQual curso (que ainda NÃO temos), teria interesse em fazer neste Centro de Formação?": ""
  },
  {
    "Carimbo de data/hora": "2025-03-06T15:23:00.229000",
    "Endereço de e-mail": "raquel0409ribeiro@gmail.com",
    "CURSOS PRETENDIDOS ": "Turma 1 SEGUNDA FEIRA DAS 09:00h ÀS 10:00h",
    "NOME COMPLETO": "Tereza Raquel Ribeiro Soares ",
    "MATRICULA": 43,
    "IDADE ": "Feminino",
    "GÊNERO": "Pardo",
    "RAÇA/COR": 11963596466,
    "TELEFONE": "Graduação Completa",
    "ESCOLARIDADE ": "",
    "CASO ESTUDE, QUAL O NOME DA INSTITUIÇÃO DE ENSINO? ": "Avenida Brasília ",
    "ENDEREÇO": 1305,
    "NUMERO ": "CAMPANÁRIO",
    "BAIRRO": "DIADEMA",
    "CIDADE": "SP",
    "UF": "BRASIL",
    "PAÍS": "09931400",
    "CEP": "Estou ciente da necessidade da entrega dos documentos citados acima para a finalização da matrícula",
    "NO DIA DE INÍCIO DAS AULAS TRAZER CÓPIA: RG E CPF, COMPROVANTE DE RESIDÊNCIA E COMPROVANTE DE ESCOLARIDADE.": "Mediação familiar extrajudicial ",
    "Para entender melhor a necessidade dos nossos cursistas , gostariamos de saber de você: \nQual curso (que ainda NÃO temos), teria interesse em fazer neste Centro de Formação?": ""
  },
  {
    "Carimbo de data/hora": "2025-03-06T19:54:50.216000",
    "Endereço de e-mail": "michelleliza559@gmail.com",
    "CURSOS PRETENDIDOS ": "Turma 1 SEGUNDA FEIRA DAS 09:00h ÀS 10:00h",
    "NOME COMPLETO": "Michelle Liza Luz da Silva ",
    "MATRICULA": "28ok",
    "IDADE ": "Feminino",
    "GÊNERO": "Branco",
    "RAÇA/COR": 11949698831,
    "TELEFONE": "Graduação Completa",
    "ESCOLARIDADE ": "",
    "CASO ESTUDE, QUAL O NOME DA INSTITUIÇÃO DE ENSINO? ": "Rua Dolomita",
    "ENDEREÇO": 61,
    "NUMERO ": "CONCEIÇÃO",
    "BAIRRO": "DIADEMA",
    "CIDADE": "SP",
    "UF": "BRASIL",
    "PAÍS": "09990730",
    "CEP": "Estou ciente da necessidade da entrega dos documentos citados acima para a finalização da matrícula",
    "NO DIA DE INÍCIO DAS AULAS TRAZER CÓPIA: RG E CPF, COMPROVANTE DE RESIDÊNCIA E COMPROVANTE DE ESCOLARIDADE.": "TI",
    "Para entender melhor a necessidade dos nossos cursistas , gostariamos de saber de você: \nQual curso (que ainda NÃO temos), teria interesse em fazer neste Centro de Formação?": ""
  },
  {
    "Carimbo de data/hora": "2025-03-06T21:35:41.804000",
    "Endereço de e-mail": "ivanildepereira1000@gmail.com",
    "CURSOS PRETENDIDOS ": "Turma 1 SEGUNDA FEIRA DAS 09:00h ÀS 10:00h",
    "NOME COMPLETO": "Ivaniilde Pereira ",
    "MATRICULA": 49,
    "IDADE ": "Feminino",
    "GÊNERO": "Pardo",
    "RAÇA/COR": 11995652308,
    "TELEFONE": "Ensino Médio Completo",
    "ESCOLARIDADE ": "",
    "CASO ESTUDE, QUAL O NOME DA INSTITUIÇÃO DE ENSINO? ": "Rua hiideto nishinaka",
    "ENDEREÇO": 20,
    "NUMERO ": "CENTRO",
    "BAIRRO": "DIADEMA",
    "CIDADE": "SP",
    "UF": "BRASIL",
    "PAÍS": "09911-570",
    "CEP": "Estou ciente da necessidade da entrega dos documentos citados acima para a finalização da matrícula",
    "NO DIA DE INÍCIO DAS AULAS TRAZER CÓPIA: RG E CPF, COMPROVANTE DE RESIDÊNCIA E COMPROVANTE DE ESCOLARIDADE.": "Curso de redação ",
    "Para entender melhor a necessidade dos nossos cursistas , gostariamos de saber de você: \nQual curso (que ainda NÃO temos), teria interesse em fazer neste Centro de Formação?": ""
  },
  {
    "Carimbo de data/hora": "2025-03-07T13:35:46.528000",
    "Endereço de e-mail": "mavymartins09.caldeira@gmail.com",
    "CURSOS PRETENDIDOS ": "Turma 1 SEGUNDA FEIRA DAS 09:00h ÀS 10:00h",
    "NOME COMPLETO": "Maria Clara Martins Dos Santos Caldeira ",
    "MATRICULA": "ok",
    "IDADE ": "Feminino",
    "GÊNERO": "Pardo",
    "RAÇA/COR": "11 949795272",
    "TELEFONE": "Ensino Médio Incompleto",
    "ESCOLARIDADE ": "EE João Ramalho ",
    "CASO ESTUDE, QUAL O NOME DA INSTITUIÇÃO DE ENSINO? ": "rua Washington Luiz ",
    "ENDEREÇO": 438,
    "NUMERO ": "CENTRO",
    "BAIRRO": "DIADEMA",
    "CIDADE": "SP",
    "UF": "BRASIL",
    "PAÍS": "09910190",
    "CEP": "Estou ciente da necessidade da entrega dos documentos citados acima para a finalização da matrícula",
    "NO DIA DE INÍCIO DAS AULAS TRAZER CÓPIA: RG E CPF, COMPROVANTE DE RESIDÊNCIA E COMPROVANTE DE ESCOLARIDADE.": "sim",
    "Para entender melhor a necessidade dos nossos cursistas , gostariamos de saber de você: \nQual curso (que ainda NÃO temos), teria interesse em fazer neste Centro de Formação?": ""
  },
  {
    "Carimbo de data/hora": "2025-03-07T17:52:54.156000",
    "Endereço de e-mail": "carolfreitas160116@gmail.com",
    "CURSOS PRETENDIDOS ": "Turma 1 SEGUNDA FEIRA DAS 09:00h ÀS 10:00h",
    "NOME COMPLETO": "Isabelle Rocha Leal Silva ",
    "MATRICULA": "ok",
    "IDADE ": "Feminino",
    "GÊNERO": "Preto",
    "RAÇA/COR": 11951565336,
    "TELEFONE": "Cursando ensino medio 3º ano",
    "ESCOLARIDADE ": "EE professor jose fernando abbud",
    "CASO ESTUDE, QUAL O NOME DA INSTITUIÇÃO DE ENSINO? ": "Rua Marco Antonio numero 40",
    "ENDEREÇO": 40,
    "NUMERO ": "INAMAR",
    "BAIRRO": "DIADEMA",
    "CIDADE": "SP",
    "UF": "BRASIL",
    "PAÍS": "09981110",
    "CEP": "Estou ciente da necessidade da entrega dos documentos citados acima para a finalização da matrícula",
    "NO DIA DE INÍCIO DAS AULAS TRAZER CÓPIA: RG E CPF, COMPROVANTE DE RESIDÊNCIA E COMPROVANTE DE ESCOLARIDADE.": "Letramento científico ",
    "Para entender melhor a necessidade dos nossos cursistas , gostariamos de saber de você: \nQual curso (que ainda NÃO temos), teria interesse em fazer neste Centro de Formação?": ""
  },
  {
    "Carimbo de data/hora": "2025-03-07T17:54:07.101000",
    "Endereço de e-mail": "rochasilvaisa@gmail.com",
    "CURSOS PRETENDIDOS ": "Turma 1 SEGUNDA FEIRA DAS 09:00h ÀS 10:00h",
    "NOME COMPLETO": "b",
    "MATRICULA": 16,
    "IDADE ": "Feminino",
    "GÊNERO": "Preto",
    "RAÇA/COR": "11 951565336",
    "TELEFONE": "Cursando o ensino médio no período noturno ",
    "ESCOLARIDADE ": "Escola Estadual Professor José Fernando Abbud",
    "CASO ESTUDE, QUAL O NOME DA INSTITUIÇÃO DE ENSINO? ": "Rua Marco Antônio ",
    "ENDEREÇO": 40,
    "NUMERO ": "INAMAR",
    "BAIRRO": "DIADEMA",
    "CIDADE": "SP",
    "UF": "BRASIL",
    "PAÍS": "09981110",
    "CEP": "Estou ciente da necessidade da entrega dos documentos citados acima para a finalização da matrícula",
    "NO DIA DE INÍCIO DAS AULAS TRAZER CÓPIA: RG E CPF, COMPROVANTE DE RESIDÊNCIA E COMPROVANTE DE ESCOLARIDADE.": "Letramento científico ",
    "Para entender melhor a necessidade dos nossos cursistas , gostariamos de saber de você: \nQual curso (que ainda NÃO temos), teria interesse em fazer neste Centro de Formação?": ""
  },
  {
    "Carimbo de data/hora": "2025-03-09T01:12:27.947000",
    "Endereço de e-mail": "98969770sa@gmail.com",
    "CURSOS PRETENDIDOS ": "Turma 1 SEGUNDA FEIRA DAS 09:00h ÀS 10:00h",
    "NOME COMPLETO": "Ana Clara Santos Pereira ",
    "MATRICULA": "ok",
    "IDADE ": "Feminino",
    "GÊNERO": "Pardo",
    "RAÇA/COR": 38997368772,
    "TELEFONE": "Ensino Médio Completo",
    "ESCOLARIDADE ": "",
    "CASO ESTUDE, QUAL O NOME DA INSTITUIÇÃO DE ENSINO? ": "Rua angra dos reis ",
    "ENDEREÇO": 54,
    "NUMERO ": "CENTRO",
    "BAIRRO": "DIADEMA",
    "CIDADE": "SP",
    "UF": "BRASIL",
    "PAÍS": "09910330",
    "CEP": "Estou ciente da necessidade da entrega dos documentos citados acima para a finalização da matrícula",
    "NO DIA DE INÍCIO DAS AULAS TRAZER CÓPIA: RG E CPF, COMPROVANTE DE RESIDÊNCIA E COMPROVANTE DE ESCOLARIDADE.": "Mecânica",
    "Para entender melhor a necessidade dos nossos cursistas , gostariamos de saber de você: \nQual curso (que ainda NÃO temos), teria interesse em fazer neste Centro de Formação?": ""
  },
  {
    "Carimbo de data/hora": "2025-03-09T01:35:09.091000",
    "Endereço de e-mail": "david.martiins@gmail.com",
    "CURSOS PRETENDIDOS ": "Turma 1 SEGUNDA FEIRA DAS 09:00h ÀS 10:00h",
    "NOME COMPLETO": "David Martins Damasceno ",
    "MATRICULA": "ok",
    "IDADE ": "Masculino",
    "GÊNERO": "Preto",
    "RAÇA/COR": 11977000803,
    "TELEFONE": "Ensino Médio Completo",
    "ESCOLARIDADE ": "",
    "CASO ESTUDE, QUAL O NOME DA INSTITUIÇÃO DE ENSINO? ": "Rua angra dos reis ",
    "ENDEREÇO": 54,
    "NUMERO ": "CENTRO",
    "BAIRRO": "DIADEMA",
    "CIDADE": "SP",
    "UF": "BRASIL",
    "PAÍS": "09910330",
    "CEP": "Estou ciente da necessidade da entrega dos documentos citados acima para a finalização da matrícula",
    "NO DIA DE INÍCIO DAS AULAS TRAZER CÓPIA: RG E CPF, COMPROVANTE DE RESIDÊNCIA E COMPROVANTE DE ESCOLARIDADE.": "Mecanica ",
    "Para entender melhor a necessidade dos nossos cursistas , gostariamos de saber de você: \nQual curso (que ainda NÃO temos), teria interesse em fazer neste Centro de Formação?": ""
  },
  {
    "Carimbo de data/hora": "2025-03-11T15:09:09.213000",
    "Endereço de e-mail": "thaynanoliveira337@gmail.com",
    "CURSOS PRETENDIDOS ": "Turma 1 SEGUNDA FEIRA DAS 09:00h ÀS 10:00h",
    "NOME COMPLETO": "Thaynan oliveira do nascimento ",
    "MATRICULA": "OK",
    "IDADE ": 27,
    "GÊNERO": "Feminino",
    "RAÇA/COR": "Branco",
    "TELEFONE": 11979918345,
    "ESCOLARIDADE ": "Ensino Médio Completo",
    "CASO ESTUDE, QUAL O NOME DA INSTITUIÇÃO DE ENSINO? ": "E.E. simon bolivar ",
    "ENDEREÇO": "Rua tatu ",
    "NUMERO ": 707,
    "BAIRRO": "ELDORADO",
    "CIDADE": "DIADEMA",
    "UF": "SP",
    "PAÍS": "BRASIL",
    "CEP": "04476350",
    "NO DIA DE INÍCIO DAS AULAS TRAZER CÓPIA: RG E CPF, COMPROVANTE DE RESIDÊNCIA E COMPROVANTE DE ESCOLARIDADE.": "Estou ciente da necessidade da entrega dos documentos citados acima para a finalização da matrícula",
    "Para entender melhor a necessidade dos nossos cursistas , gostariamos de saber de você: \nQual curso (que ainda NÃO temos), teria interesse em fazer neste Centro de Formação?": "Espanhol"
  },
  {
    "Carimbo de data/hora": "2025-03-14T15:06:41.255000",
    "Endereço de e-mail": "00001113563060sp@al.educacao.sp.gov.br",
    "CURSOS PRETENDIDOS ": "Turma 1 SEGUNDA FEIRA DAS 09:00h ÀS 10:00h",
    "NOME COMPLETO": "Maria Eduarda Furtado da Silva ",
    "MATRICULA": "",
    "IDADE ": 16,
    "GÊNERO": "Feminino",
    "RAÇA/COR": "Pardo",
    "TELEFONE": 11986882007,
    "ESCOLARIDADE ": "Fundamental Completo",
    "CASO ESTUDE, QUAL O NOME DA INSTITUIÇÃO DE ENSINO? ": "João Ramalho ",
    "ENDEREÇO": "Rua Chê Guevara",
    "NUMERO ": 194,
    "BAIRRO": "CONCEIÇÃO",
    "CIDADE": "DIADEMA",
    "UF": "SP",
    "PAÍS": "BRASIL",
    "CEP": "09992-050",
    "NO DIA DE INÍCIO DAS AULAS TRAZER CÓPIA: RG E CPF, COMPROVANTE DE RESIDÊNCIA E COMPROVANTE DE ESCOLARIDADE.": "Estou ciente da necessidade da entrega dos documentos citados acima para a finalização da matrícula",
    "Para entender melhor a necessidade dos nossos cursistas , gostariamos de saber de você: \nQual curso (que ainda NÃO temos), teria interesse em fazer neste Centro de Formação?": "Curso de Desenho "
  },
  {
    "Carimbo de data/hora": "2025-03-14T15:23:25.089000",
    "Endereço de e-mail": "lacerdaalessandra77@gmail.com",
    "CURSOS PRETENDIDOS ": "Turma 1 SEGUNDA FEIRA DAS 09:00h ÀS 10:00h",
    "NOME COMPLETO": "Jeniffer Lacerda Stofel Santana ",
    "MATRICULA": "",
    "IDADE ": 17,
    "GÊNERO": "Feminino",
    "RAÇA/COR": "Branco",
    "TELEFONE": "(11) 954445965",
    "ESCOLARIDADE ": "Ensino Médio Incompleto",
    "CASO ESTUDE, QUAL O NOME DA INSTITUIÇÃO DE ENSINO? ": "E.E Professor José Fernando Abbud",
    "ENDEREÇO": "Rua Rafael Moisés Gonçalves Rodrigues ",
    "NUMERO ": 272,
    "BAIRRO": "SERRARIA",
    "CIDADE": "DIADEMA",
    "UF": "SP",
    "PAÍS": "BRASIL",
    "CEP": "09980230",
    "NO DIA DE INÍCIO DAS AULAS TRAZER CÓPIA: RG E CPF, COMPROVANTE DE RESIDÊNCIA E COMPROVANTE DE ESCOLARIDADE.": "Estou ciente da necessidade da entrega dos documentos citados acima para a finalização da matrícula",
    "Para entender melhor a necessidade dos nossos cursistas , gostariamos de saber de você: \nQual curso (que ainda NÃO temos), teria interesse em fazer neste Centro de Formação?": "Informatica"
  },
  {
    "Carimbo de data/hora": "2025-02-25T22:33:19.404000",
    "Endereço de e-mail": "michellysantoscosta452@gmail.com",
    "CURSOS PRETENDIDOS ": "Turma 1 SEGUNDA FEIRA DAS 09:00h ÀS 10:00h",
    "NOME COMPLETO": "Michelly Santos Costa ",
    "MATRICULA": "",
    "IDADE ": 16,
    "GÊNERO": "Feminino",
    "RAÇA/COR": "Pardo",
    "TELEFONE": 11972386749,
    "ESCOLARIDADE ": "Cursando ensino médio ",
    "CASO ESTUDE, QUAL O NOME DA INSTITUIÇÃO DE ENSINO? ": "Origenes lessa",
    "ENDEREÇO": "Rua da ocupação ",
    "NUMERO ": 452,
    "BAIRRO": "CASA GRANDE",
    "CIDADE": "DIADEMA",
    "UF": "SP",
    "PAÍS": "BRASIL",
    "CEP": "09962-200",
    "NO DIA DE INÍCIO DAS AULAS TRAZER CÓPIA: RG E CPF, COMPROVANTE DE RESIDÊNCIA E COMPROVANTE DE ESCOLARIDADE.": "Estou ciente da necessidade da entrega dos documentos citados acima para a finalização da matrícula",
    "Para entender melhor a necessidade dos nossos cursistas , gostariamos de saber de você: \nQual curso (que ainda NÃO temos), teria interesse em fazer neste Centro de Formação?": "Italiano "
  },
  {
    "Carimbo de data/hora": "2025-03-14T22:23:59.125000",
    "Endereço de e-mail": "630984323rg@gmail.com",
    "CURSOS PRETENDIDOS ": "Turma 1 SEGUNDA FEIRA DAS 09:00h ÀS 10:00h",
    "NOME COMPLETO": "David garcia do Nascimento ",
    "MATRICULA": "",
    "IDADE ": 22,
    "GÊNERO": "Masculino",
    "RAÇA/COR": "Branco",
    "TELEFONE": 11964624744,
    "ESCOLARIDADE ": "Ensino Médio Incompleto",
    "CASO ESTUDE, QUAL O NOME DA INSTITUIÇÃO DE ENSINO? ": "",
    "ENDEREÇO": "Rua barão de guarapuava ",
    "NUMERO ": 116,
    "BAIRRO": "CASA GRANDE",
    "CIDADE": "DIADEMA",
    "UF": "SP",
    "PAÍS": "BRASIL",
    "CEP": "09961590",
    "NO DIA DE INÍCIO DAS AULAS TRAZER CÓPIA: RG E CPF, COMPROVANTE DE RESIDÊNCIA E COMPROVANTE DE ESCOLARIDADE.": "Estou ciente da necessidade da entrega dos documentos citados acima para a finalização da matrícula",
    "Para entender melhor a necessidade dos nossos cursistas , gostariamos de saber de você: \nQual curso (que ainda NÃO temos), teria interesse em fazer neste Centro de Formação?": "Libras"
  },
  {
    "Carimbo de data/hora": "2025-03-17T10:10:56.755000",
    "Endereço de e-mail": "claudetecordeiro387@gmail.com",
    "CURSOS PRETENDIDOS ": "Turma 1 SEGUNDA FEIRA DAS 09:00h ÀS 10:00h",
    "NOME COMPLETO": "Maria Luiza Silva Cordeiro ",
    "MATRICULA": "falta cópia do RG ",
    "IDADE ": 17,
    "GÊNERO": "Feminino",
    "RAÇA/COR": "Pardo",
    "TELEFONE": "11 951258064",
    "ESCOLARIDADE ": "Fundamental Completo",
    "CASO ESTUDE, QUAL O NOME DA INSTITUIÇÃO DE ENSINO? ": "E.E Diadema ",
    "ENDEREÇO": "Rua Antônio Doll de Moraes ",
    "NUMERO ": 76,
    "BAIRRO": "CENTRO",
    "CIDADE": "DIADEMA",
    "UF": "SP",
    "PAÍS": "BRASIL",
    "CEP": "09920_540",
    "NO DIA DE INÍCIO DAS AULAS TRAZER CÓPIA: RG E CPF, COMPROVANTE DE RESIDÊNCIA E COMPROVANTE DE ESCOLARIDADE.": "Estou ciente da necessidade da entrega dos documentos citados acima para a finalização da matrícula",
    "Para entender melhor a necessidade dos nossos cursistas , gostariamos de saber de você: \nQual curso (que ainda NÃO temos), teria interesse em fazer neste Centro de Formação?": "Administração "
  },
  {
    "Carimbo de data/hora": "2025-03-18T09:29:36.771000",
    "Endereço de e-mail": "jhonathanziika2013@gmail.com",
    "CURSOS PRETENDIDOS ": "Turma 1 SEGUNDA FEIRA DAS 09:00h ÀS 10:00h",
    "NOME COMPLETO": "Debora Royo Porfírio ",
    "MATRICULA": "",
    "IDADE ": 46,
    "GÊNERO": "Feminino",
    "RAÇA/COR": "Branco",
    "TELEFONE": 11987407990,
    "ESCOLARIDADE ": "Graduação Completa",
    "CASO ESTUDE, QUAL O NOME DA INSTITUIÇÃO DE ENSINO? ": "",
    "ENDEREÇO": "Avenida Paranapanema ",
    "NUMERO ": 1343,
    "BAIRRO": "TABOÃO",
    "CIDADE": "DIADEMA",
    "UF": "SP",
    "PAÍS": "BRASIL",
    "CEP": "09930450",
    "NO DIA DE INÍCIO DAS AULAS TRAZER CÓPIA: RG E CPF, COMPROVANTE DE RESIDÊNCIA E COMPROVANTE DE ESCOLARIDADE.": "Estou ciente da necessidade da entrega dos documentos citados acima para a finalização da matrícula",
    "Para entender melhor a necessidade dos nossos cursistas , gostariamos de saber de você: \nQual curso (que ainda NÃO temos), teria interesse em fazer neste Centro de Formação?": "Espanhol"
  },
  {
    "Carimbo de data/hora": "2025-03-19T13:50:21.396000",
    "Endereço de e-mail": "ericagrillo14@gmail.com",
    "CURSOS PRETENDIDOS ": "Turma 1 SEGUNDA FEIRA DAS 09:00h ÀS 10:00h",
    "NOME COMPLETO": "Érica Grillo ",
    "MATRICULA": "",
    "IDADE ": 40,
    "GÊNERO": "Feminino",
    "RAÇA/COR": "Branco",
    "TELEFONE": 11944717935,
    "ESCOLARIDADE ": "Ensino Médio Completo",
    "CASO ESTUDE, QUAL O NOME DA INSTITUIÇÃO DE ENSINO? ": "",
    "ENDEREÇO": "Rua Santa Madalena ",
    "NUMERO ": "56 , ap 2 ",
    "BAIRRO": "CANHEMA",
    "CIDADE": "DIADEMA",
    "UF": "SP",
    "PAÍS": "BRASIL",
    "CEP": "09941250",
    "NO DIA DE INÍCIO DAS AULAS TRAZER CÓPIA: RG E CPF, COMPROVANTE DE RESIDÊNCIA E COMPROVANTE DE ESCOLARIDADE.": "Estou ciente da necessidade da entrega dos documentos citados acima para a finalização da matrícula",
    "Para entender melhor a necessidade dos nossos cursistas , gostariamos de saber de você: \nQual curso (que ainda NÃO temos), teria interesse em fazer neste Centro de Formação?": "Informática "
  },
  {
    "Carimbo de data/hora": "2025-03-19T14:10:22.287000",
    "Endereço de e-mail": "joyceroyoporfirio@gmail.com",
    "CURSOS PRETENDIDOS ": "Turma 1 SEGUNDA FEIRA DAS 09:00h ÀS 10:00h",
    "NOME COMPLETO": "Joyce Royo Porfirio",
    "MATRICULA": "",
    "IDADE ": 40,
    "GÊNERO": "Feminino",
    "RAÇA/COR": "Branco",
    "TELEFONE": "1196190-5319 ",
    "ESCOLARIDADE ": "Ensino Médio Completo",
    "CASO ESTUDE, QUAL O NOME DA INSTITUIÇÃO DE ENSINO? ": "",
    "ENDEREÇO": "Rua Santa Madalena",
    "NUMERO ": 56,
    "BAIRRO": "CANHEMA",
    "CIDADE": "DIADEMA",
    "UF": "SP",
    "PAÍS": "BRASIL",
    "CEP": "09941-250",
    "NO DIA DE INÍCIO DAS AULAS TRAZER CÓPIA: RG E CPF, COMPROVANTE DE RESIDÊNCIA E COMPROVANTE DE ESCOLARIDADE.": "Estou ciente da necessidade da entrega dos documentos citados acima para a finalização da matrícula",
    "Para entender melhor a necessidade dos nossos cursistas , gostariamos de saber de você: \nQual curso (que ainda NÃO temos), teria interesse em fazer neste Centro de Formação?": "Informatica"
  }
]